Date,Open,High,Low,Close,Volume,Dividends,Stock Splits
2023-06-27 00:00:00-04:00,183.32000947784528,185.78544616190248,183.10304984582174,185.4600067138672,50730800,0.0,0.0
2023-06-28 00:00:00-04:00,185.33178721386028,187.27455239917202,185.00636283468697,186.633544921875,51216800,0.0,0.0
2023-06-29 00:00:00-04:00,186.46591313429835,187.44223149955704,186.3278492789131,186.96885681152344,46347300,0.0,0.0
2023-06-30 00:00:00-04:00,188.98065447297634,191.79124321876165,188.61575961709715,191.28829956054688,85213200,0.0,0.0
2023-07-03 00:00:00-04:00,191.10090642215079,191.19952989799955,189.10882958307744,189.79916381835938,31458200,0.0,0.0
2023-07-05 00:00:00-04:00,188.92145597370774,190.311950580781,187.98457816150727,188.6847686767578,46920300,0.0,0.0
2023-07-06 00:00:00-04:00,187.21539208287066,189.36526064633148,186.5842409083175,189.1581573486328,45094300,0.0,0.0
2023-07-07 00:00:00-04:00,188.7636804868427,190.0062550438309,187.60985803081866,188.04376220703125,46815000,0.0,0.0
2023-07-10 00:00:00-04:00,186.6434184249519,187.36333679085425,184.45410938571575,186.00241088867188,59922200,0.0,0.0
2023-07-11 00:00:00-04:00,186.5447914459214,186.68285528837708,184.02018687082855,185.47972106933594,46638100,0.0,0.0
2023-07-12 00:00:00-04:00,187.05759515232103,189.04967210294507,185.86433228601203,187.1463623046875,60750200,0.0,0.0
2023-07-13 00:00:00-04:00,187.86629083201726,188.54675382063684,187.1562438045736,187.90573120117188,41342300,0.0,0.0
2023-07-14 00:00:00-04:00,187.60001815586816,188.53688115718742,187.00832233558717,188.0536651611328,41616200,0.0,0.0
2023-07-17 00:00:00-04:00,189.24689758888442,191.63345333608896,189.15814548736353,191.30801391601562,50520200,0.0,0.0
2023-07-18 00:00:00-04:00,190.6768691009351,191.64331601668746,189.75971887799713,191.05160522460938,48288200,0.0,0.0
2023-07-19 00:00:00-04:00,190.4303150490968,195.48938034906212,189.9865244553515,192.4026641845703,80507300,0.0,0.0
2023-07-20 00:00:00-04:00,192.39279363664537,193.75371936128715,189.83860510668907,190.45989990234375,59581200,0.0,0.0
2023-07-21 00:00:00-04:00,191.41650251566858,192.2744696321092,188.5861710830146,189.28636169433594,71951700,0.0,0.0
2023-07-24 00:00:00-04:00,190.7360687889521,192.21533096653448,189.59210242680848,190.08518981933594,45377800,0.0,0.0
2023-07-25 00:00:00-04:00,190.6571617022808,191.7518162507371,190.25282645288883,190.94314575195312,37283200,0.0,0.0
2023-07-26 00:00:00-04:00,190.99241694846552,192.93518195125802,190.64726489612826,191.81094360351562,47471900,0.0,0.0
2023-07-27 00:00:00-04:00,193.30993672945922,194.47361545879667,189.88790988625553,190.54864501953125,47460200,0.0,0.0
2023-07-28 00:00:00-04:00,191.97860770429688,193.91151654263126,191.4559363697747,193.12257385253906,48291400,0.0,0.0
2023-07-31 00:00:00-04:00,193.34938604539337,193.77344894031904,192.56044337061044,193.73399353027344,38824100,0.0,0.0
2023-08-01 00:00:00-04:00,193.52690392813534,194.0101198390568,192.58016971551623,192.90560913085938,35175100,0.0,0.0
2023-08-02 00:00:00-04:00,192.34350758944402,192.48157144604934,189.19762292480593,189.9175262451172,50389300,0.0,0.0
2023-08-03 00:00:00-04:00,188.9215022402868,189.71042999433632,188.0536636534335,188.5270233154297,61235200,0.0,0.0
2023-08-04 00:00:00-04:00,182.95510234495143,184.78938756590674,179.4048680308995,179.47390747070312,115956800,0.0,0.0
2023-08-07 00:00:00-04:00,179.61200164257014,180.59817633552169,174.8980878140883,176.37734985351562,97576100,0.0,0.0
2023-08-08 00:00:00-04:00,177.205713919119,177.77769698523286,175.12488493894773,177.31419372558594,67823000,0.0,0.0
2023-08-09 00:00:00-04:00,178.3693964131728,178.42856448196,174.56276182695083,175.72645568847656,60378500,0.0,0.0
2023-08-10 00:00:00-04:00,176.99860916334498,178.25105509162734,175.14461118800062,175.50949096679688,54686900,0.0,0.0
2023-08-11 00:00:00-04:00,175.10462674008653,176.3883728930982,174.34424265962002,175.56874084472656,52036700,0.24,0.0
2023-08-14 00:00:00-04:00,175.746520759633,177.44503302668653,175.0947628987085,177.21791076660156,43675600,0.0,0.0
2023-08-15 00:00:00-04:00,176.6451282666605,177.23762299403361,174.8379899652799,175.2329864501953,43622600,0.0,0.0
2023-08-16 00:00:00-04:00,174.9169842350172,176.30935657463468,174.29485048513217,174.36398315429688,46964900,0.0,0.0
2023-08-17 00:00:00-04:00,174.9268647491592,175.29223725703497,171.31258808782235,171.8260955810547,66062900,0.0,0.0
2023-08-18 00:00:00-04:00,170.14735612669347,172.9123770667114,169.8116075662743,172.30999755859375,61172200,0.0,0.0
2023-08-21 00:00:00-04:00,172.88272795365145,173.92948217703207,171.56934282132403,173.64309692382812,46311900,0.0,0.0
2023-08-22 00:00:00-04:00,174.8478727981476,175.46012191641384,174.04799506153495,175.0157470703125,42038900,0.0,0.0
2023-08-23 00:00:00-04:00,176.28962468028294,179.28176749229362,176.1019960768648,178.8571319580078,52722800,0.0,0.0
2023-08-24 00:00:00-04:00,178.41275636104422,178.83739189345877,173.81097351698816,174.17636108398438,54945800,0.0,0.0
2023-08-25 00:00:00-04:00,175.16386577811136,176.91174101480664,173.62335841851225,176.3784942626953,51449600,0.0,0.0
2023-08-28 00:00:00-04:00,177.84004032072406,178.3337935661488,176.31928695480332,177.9387969970703,43820700,0.0,0.0
2023-08-29 00:00:00-04:00,177.45489519701718,182.5899254092932,177.25739693272806,181.81967163085938,53003900,0.0,0.0
2023-08-30 00:00:00-04:00,182.62940848986258,185.50305529692773,182.43191025327192,185.3055419921875,60813900,0.0,0.0
2023-08-31 00:00:00-04:00,185.49317264844964,186.75717945843076,185.1376697913831,185.52279663085938,60794500,0.0,0.0
2023-09-01 00:00:00-04:00,187.12259578872172,187.54721631397274,185.92770639795236,187.0929718017578,45766500,0.0,0.0
2023-09-05 00:00:00-04:00,185.92766852324166,187.60642607121574,185.26604116890505,187.32992553710938,45280000,0.0,0.0
2023-09-06 00:00:00-04:00,186.04615504969036,186.4905448774819,179.2027445739978,180.624755859375,81755800,0.0,0.0
2023-09-07 00:00:00-04:00,172.99134398653018,175.98350189646143,171.37183427986267,175.34161376953125,112488800,0.0,0.0
2023-09-08 00:00:00-04:00,176.12176201867752,177.98814840122637,175.56874581023814,175.95387268066406,65551300,0.0,0.0
2023-09-11 00:00:00-04:00,177.82027676778657,178.0473990105972,175.12437356668377,177.119140625,58953100,0.0,0.0
2023-09-12 00:00:00-04:00,177.24749835360407,177.87950173703112,172.6358460753217,174.09735107421875,90370200,0.0,0.0
2023-09-13 00:00:00-04:00,174.30473020059844,175.08486860955094,171.8063404869434,172.03347778320312,84267900,0.0,0.0
2023-09-14 00:00:00-04:00,171.82607585790313,173.8998448696545,171.41132506918257,173.54434204101562,60895800,0.0,0.0
2023-09-15 00:00:00-04:00,174.27510652680778,174.29486087176767,171.6483512368518,172.82347106933594,109259500,0.0,0.0
2023-09-18 00:00:00-04:00,174.2751007250675,177.13887792290447,173.9689761950564,175.74649047851562,67257600,0.0,0.0
2023-09-19 00:00:00-04:00,175.30212586469654,177.38576479928514,174.91699900323943,176.832763671875,51826900,0.0,0.0
2023-09-20 00:00:00-04:00,177.02035765272817,177.45486279571944,173.20858308214417,173.29747009277344,58436200,0.0,0.0
2023-09-21 00:00:00-04:00,172.36923745366522,174.09737357666756,171.68785565712008,171.75697326660156,63149100,0.0,0.0
2023-09-22 00:00:00-04:00,172.48775099523908,174.86764517240317,171.87550181385268,172.6062469482422,56725400,0.0,0.0
2023-09-25 00:00:00-04:00,172.02361011818323,174.7590070374673,171.97423178505466,173.880126953125,46172700,0.0,0.0
2023-09-26 00:00:00-04:00,172.63588402695854,173.01112622988728,169.5153600429677,169.81161499023438,64588900,0.0,0.0
2023-09-27 00:00:00-04:00,170.46333088230946,170.87808171574733,166.93794126401278,168.30068969726562,66921800,0.0,0.0
2023-09-28 00:00:00-04:00,167.2243249736919,169.8807195182162,165.5258128129139,168.55746459960938,56294400,0.0,0.0
2023-09-29 00:00:00-04:00,169.87084635964763,170.90773103963988,168.21182785802986,169.0709686279297,51861100,0.0,0.0
2023-10-02 00:00:00-04:00,169.08081880430257,172.12233981703872,168.79443355791753,171.57920837402344,52164500,0.0,0.0
2023-10-03 00:00:00-04:00,170.1078434596355,171.46073744550782,168.6858469308082,170.24609375,49594600,0.0,0.0
2023-10-04 00:00:00-04:00,168.9524578917983,172.03348795172127,168.8339619515459,171.4903564453125,53020300,0.0,0.0
2023-10-05 00:00:00-04:00,171.61874445939648,173.25800883188634,170.52261166431626,172.72476196289062,48527900,0.0,0.0
2023-10-06 00:00:00-04:00,171.6285909459562,175.76624458491796,171.016326818613,175.27249145507812,57266700,0.0,0.0
2023-10-09 00:00:00-04:00,174.6009972191987,176.81301689163445,173.60362121945622,176.75376892089844,42390800,0.0,0.0
2023-10-10 00:00:00-04:00,175.87489990900735,177.47465549196244,175.72676490471198,176.16127014160156,43698000,0.0,0.0
2023-10-11 00:00:00-04:00,175.9736185461729,177.60301297187604,175.3811238107674,177.5536346435547,47551100,0.0,0.0
2023-10-12 00:00:00-04:00,177.82026707710477,180.06189553412176,176.80312172309905,178.4522705078125,56743100,0.0,0.0
2023-10-13 00:00:00-04:00,179.15340788479125,179.65703072033497,175.91438812346496,176.6155242919922,51427100,0.0,0.0
2023-10-16 00:00:00-04:00,174.54171793626585,176.8426091520335,174.3047110276888,176.4871063232422,52517000,0.0,0.0
2023-10-17 00:00:00-04:00,174.44298390478113,176.19087429527403,172.61610626933813,174.93673706054688,57549400,0.0,0.0
2023-10-18 00:00:00-04:00,173.38635072108465,175.36136323860268,172.92222157401596,173.64309692382812,54764400,0.0,0.0
2023-10-19 00:00:00-04:00,173.84057783744473,175.6180919396984,173.00120664203897,173.26783752441406,59302900,0.0,0.0
2023-10-20 00:00:00-04:00,173.1197103596996,173.22833664495803,170.4830706009531,170.72007751464844,64244000,0.0,0.0
2023-10-23 00:00:00-04:00,168.7747380957869,171.83599917885627,167.80697088494813,170.838623046875,55980100,0.0,0.0
2023-10-24 00:00:00-04:00,170.88797493724758,171.50022404547477,169.30795876796012,171.27310180664062,43816600,0.0,0.0
2023-10-25 00:00:00-04:00,169.73259505065448,170.89784530264086,168.51795139973865,168.96234130859375,57157000,0.0,0.0
2023-10-26 00:00:00-04:00,168.24141831331102,169.23880917055772,163.60014241201984,164.80490112304688,70625300,0.0,0.0
2023-10-27 00:00:00-04:00,164.82467062426355,166.8490614359056,164.745668316651,166.11830139160156,58499100,0.0,0.0
2023-10-30 00:00:00-04:00,166.9082925975718,169.03142477889003,166.76015763515437,168.16241455078125,51131000,0.0,0.0
2023-10-31 00:00:00-04:00,167.23421730907862,168.76484019690602,165.80232095364974,168.636474609375,44846000,0.0,0.0
2023-11-01 00:00:00-04:00,168.86358325166134,172.05322449399938,167.99457285522465,171.79647827148438,56934900,0.0,0.0
2023-11-02 00:00:00-04:00,173.32709544733643,175.55885407348563,173.2678474852133,175.3514862060547,77334800,0.0,0.0
2023-11-03 00:00:00-04:00,172.06306912689155,174.61083668548292,171.18418929633518,174.4429473876953,79829200,0.0,0.0
2023-11-06 00:00:00-05:00,174.17636920813592,177.18825142381783,174.00849494223715,176.99075317382812,63841300,0.0,0.0
2023-11-07 00:00:00-05:00,176.9413698079054,180.1606499568927,176.73400192517136,179.54840087890625,70530000,0.0,0.0
2023-11-08 00:00:00-05:00,180.07179468790036,181.15804266662394,179.3212801943679,180.60504150390625,49340300,0.0,0.0
2023-11-09 00:00:00-05:00,180.67415869856794,181.81965455110011,179.53851741631973,180.1310272216797,53763500,0.0,0.0
2023-11-10 00:00:00-05:00,181.91086536697577,184.48177017271385,181.47578777634308,184.31365966796875,66133400,0.24,0.0
2023-11-13 00:00:00-05:00,183.74018560328048,183.94782669363863,182.1482051958573,182.73159790039062,43627500,0.0,0.0
2023-11-14 00:00:00-05:00,185.5991101996175,186.0045247766197,184.214786141562,185.34202575683594,60108400,0.0,0.0
2023-11-15 00:00:00-05:00,185.7474724520267,187.3789985945617,185.6782486931539,185.90567016601562,53790500,0.0,0.0
2023-11-16 00:00:00-05:00,187.44820698590362,188.82264852852316,186.5384909930313,187.58663940429688,54412900,0.0,0.0
2023-11-17 00:00:00-05:00,188.12059370194675,188.24914348244,186.4594046371221,187.56686401367188,50922700,0.0,0.0
2023-11-20 00:00:00-05:00,187.76462241033667,189.7620174322178,187.75473976876387,189.30715942382812,46505100,0.0,0.0
2023-11-21 00:00:00-05:00,189.26759612132614,189.37636552049437,187.61628985249988,188.50621032714844,38134500,0.0,0.0
2023-11-22 00:00:00-05:00,189.3467095850447,190.77057938008178,188.6940931656517,189.16871643066406,39617700,0.0,0.0
2023-11-24 00:00:00-05:00,188.7336553269539,188.76331834061182,187.13179223741543,187.84373474121094,24048300,0.0,0.0
2023-11-27 00:00:00-05:00,187.79426021241986,188.5358656068872,186.7856726513042,187.66571044921875,40552600,0.0,0.0
2023-11-28 00:00:00-05:00,187.6558347269926,188.9412871423915,187.28008315178343,188.26889038085938,38415400,0.0,0.0
2023-11-29 00:00:00-05:00,188.7633011569372,189.9399842182602,186.85491037465812,187.25042724609375,43014200,0.0,0.0
2023-11-30 00:00:00-05:00,187.71517468500207,188.18981305356235,186.08364867108205,187.82394409179688,48794400,0.0,0.0
2023-12-01 00:00:00-05:00,188.19966916513812,189.4158977511225,187.11197525051801,189.0994873046875,45704800,0.0,0.0
2023-12-04 00:00:00-05:00,187.85361573572166,187.9228394923183,185.35193435249073,187.3097686767578,43389500,0.0,0.0
2023-12-05 00:00:00-05:00,188.08104861869373,192.22413865175915,188.05137051787239,191.25511169433594,66628400,0.0,0.0
2023-12-06 00:00:00-05:00,192.27358406476233,192.58011192579394,189.95977851245675,190.1674346923828,41089700,0.0,0.0
2023-12-07 00:00:00-05:00,191.46276025185608,192.81742141001197,191.42319951100376,192.09559631347656,47477700,0.0,0.0
2023-12-08 00:00:00-05:00,192.02637677770835,193.79635031367135,191.50231010992096,193.5194854736328,53406400,0.0,0.0
2023-12-11 00:00:00-05:00,190.9485830810774,191.3243346926335,189.27749628821252,191.01779174804688,60943700,0.0,0.0
2023-12-12 00:00:00-05:00,190.91893974997748,192.54058332617893,189.5741610462004,192.53070068359375,52696900,0.0,0.0
2023-12-13 00:00:00-05:00,192.90639105920806,195.78382360297798,192.6690869899489,195.74427795410156,70404200,0.0,0.0
2023-12-14 00:00:00-05:00,195.80360435764135,197.38568681182426,193.96442237725344,195.89259338378906,66831600,0.0,0.0
2023-12-15 00:00:00-05:00,195.31914286428272,196.17940055493878,194.79507610008937,195.35870361328125,128538400,0.0,0.0
2023-12-18 00:00:00-05:00,193.8952224343076,194.4291868327445,192.21425301938103,193.6974639892578,55751900,0.0,0.0
2023-12-19 00:00:00-05:00,193.96444926391277,194.7456004150459,193.69746706046115,194.7357177734375,40714100,0.0,0.0
2023-12-20 00:00:00-05:00,194.69614571593394,195.46741418063525,192.64932250976562,192.64932250976562,52242800,0.0,0.0
2023-12-21 00:00:00-05:00,193.90511142023345,194.87413831888384,191.33420648650613,192.50099182128906,46482500,0.0,0.0
2023-12-22 00:00:00-05:00,192.9953923922105,193.22282892375426,190.81013681243016,191.43309020996094,37149600,0.0,0.0
2023-12-26 00:00:00-05:00,191.44301198734334,191.71987686773375,190.67174337939798,190.8892822265625,28919300,0.0,0.0
2023-12-27 00:00:00-05:00,190.33552729492325,191.33421726083122,188.95118798803827,190.98812866210938,48087700,0.0,0.0
2023-12-28 00:00:00-05:00,191.96704448132198,192.48122849088116,191.00790021395272,191.41331481933594,34049900,0.0,0.0
2023-12-29 00:00:00-05:00,191.72975289130503,192.22415660179112,189.58404259835586,190.37509155273438,42672100,0.0,0.0
2024-01-02 00:00:00-05:00,185.05525771688224,186.3308274284663,181.83175174149957,183.56216430664062,82488700,0.0,0.0
2024-01-03 00:00:00-05:00,182.15809638511382,183.79952025374087,181.37693010719954,182.18775939941406,58414500,0.0,0.0
2024-01-04 00:00:00-05:00,180.1112512492328,181.04073256447913,178.85547678867908,179.8739471435547,71983600,0.0,0.0
2024-01-05 00:00:00-05:00,179.95304619735901,180.7144169560074,178.15340966673114,179.152099609375,62379700,0.0,0.0
2024-01-08 00:00:00-05:00,180.05188555859277,183.52260821958473,179.46849297664804,183.48304748535156,59144500,0.0,0.0
2024-01-09 00:00:00-05:00,181.86143345023166,183.07766218215258,180.68475037086026,183.06777954101562,42841800,0.0,0.0
2024-01-10 00:00:00-05:00,182.28661640904596,184.31365913260458,181.8614214601624,184.10601806640625,46792900,0.0,0.0
2024-01-11 00:00:00-05:00,184.4521049955326,184.9564063690912,181.5647895230864,183.5127410888672,49128400,0.0,0.0
2024-01-12 00:00:00-05:00,183.97748271061099,184.64987951630312,183.11722519297732,183.83905029296875,40477800,0.0,0.0
2024-01-16 00:00:00-05:00,180.1211135415678,182.19759949773234,178.90486988724322,181.5746612548828,65603000,0.0,0.0
2024-01-17 00:00:00-05:00,179.241077797599,180.88248621338644,178.28193364707266,180.63528442382812,47317400,0.0,0.0
2024-01-18 00:00:00-05:00,184.0071435872404,187.02300881659582,183.75005912545993,186.5187225341797,78005800,0.0,0.0
2024-01-19 00:00:00-05:00,187.21087293560348,189.80154302609114,186.7065866846462,189.41590881347656,68903000,0.0,0.0
2024-01-22 00:00:00-05:00,190.14767889916803,193.1437643167826,190.10811815121016,191.71987915039062,60133900,0.0,0.0
2024-01-23 00:00:00-05:00,192.83720939883855,193.55903452389106,191.66052626402544,192.9954071044922,42355600,0.0,0.0
2024-01-24 00:00:00-05:00,193.23272951111284,194.18199120084623,192.16481576816378,192.32302856445312,53631300,0.0,0.0
2024-01-25 00:00:00-05:00,193.03498542605584,194.07323623297103,190.94860116972282,191.99673461914062,54822100,0.0,0.0
2024-01-26 00:00:00-05:00,192.0956267141711,192.58013270627515,189.79170355496896,190.26632690429688,44594000,0.0,0.0
2024-01-29 00:00:00-05:00,189.86089500402176,190.04877081575225,187.45810037105477,189.5840301513672,47145600,0.0,0.0
2024-01-30 00:00:00-05:00,188.80286821503816,189.65324309628332,185.37170567810733,185.93531799316406,55859400,0.0,0.0
2024-01-31 00:00:00-05:00,184.94651023142666,185.00585134318092,182.28663127585358,182.3360595703125,55467800,0.0,0.0
2024-02-01 00:00:00-05:00,181.93063715338442,184.85749793556394,181.76254174457006,184.7685089111328,64885400,0.0,0.0
2024-02-02 00:00:00-05:00,177.84690500460306,185.23329771545795,177.2437318686429,183.76986694335938,102551700,0.0,0.0
2024-02-05 00:00:00-05:00,186.04407104136263,187.13176501057416,183.75992879401906,185.57933044433594,69668800,0.0,0.0
2024-02-06 00:00:00-05:00,184.76852130142626,187.19109601961685,184.67953227102765,187.18121337890625,43490800,0.0,0.0
2024-02-07 00:00:00-05:00,188.50623739169367,188.91165203661865,186.49895962721544,187.29000854492188,53439000,0.0,0.0
2024-02-08 00:00:00-05:00,187.27020463334281,187.41851968576853,185.25304448034683,186.21218872070312,40962000,0.0,0.0
2024-02-09 00:00:00-05:00,186.77653768433356,188.10324181676,186.1329987846296,186.9745635986328,45155200,0.24,0.0
2024-02-12 00:00:00-05:00,186.54880424779185,186.796321504533,184.9349868995182,185.29141235351562,41781900,0.0,0.0
2024-02-13 00:00:00-05:00,183.92513863049606,184.36077144619387,181.68757282391297,183.20237731933594,56529500,0.0,0.0
2024-02-14 00:00:00-05:00,183.47959151637605,183.68749754312392,180.6281880058035,182.32119750976562,54630500,0.0,0.0
2024-02-15 00:00:00-05:00,181.7271539268571,182.65782113209212,179.54900531664387,182.03407287597656,65434500,0.0,0.0
2024-02-16 00:00:00-05:00,181.59845842120637,183.0142649801448,179.86583763061847,180.49948120117188,49752500,0.0,0.0
2024-02-20 00:00:00-05:00,179.98465441119404,180.6182980286837,178.2124373755958,179.75694274902344,53665600,0.0,0.0
2024-02-21 00:00:00-05:00,180.13318356154335,181.07374623255754,178.8658962581704,180.50941467285156,41371400,0.0,0.0
2024-02-22 00:00:00-05:00,181.65787110291916,183.1231842228548,180.64801151557128,182.53903198242188,52292200,0.0,0.0
2024-02-23 00:00:00-05:00,183.17267506039363,183.20237592421455,180.42028422645075,180.70741271972656,45119700,0.0,0.0
2024-02-26 00:00:00-05:00,180.43019254491847,180.9450175834942,178.85597124394113,179.3609161376953,40867400,0.0,0.0
2024-02-27 00:00:00-05:00,179.3014951345761,182.09348175278842,177.77678047240937,180.81629943847656,54318900,0.0,0.0
2024-02-28 00:00:00-05:00,180.6975189384851,181.30146173701146,178.34116458472795,179.61834716796875,48953900,0.0,0.0
2024-02-29 00:00:00-05:00,179.4698267249393,180.75691955299587,177.74710108364005,178.95498657226562,136682600,0.0,0.0
2024-03-01 00:00:00-05:00,177.76690051629518,178.73716395290236,175.61845249589473,177.8758087158203,73563100,0.0,0.0
2024-03-04 00:00:00-05:00,174.40064432483445,175.14319605787904,172.06408093389737,173.361083984375,81510100,0.0,0.0
2024-03-05 00:00:00-05:00,169.06417026385637,170.3314573247722,167.9354922531265,168.43052673339844,95132400,0.0,0.0
2024-03-06 00:00:00-05:00,169.36121186741923,169.53943215491887,167.00484265804033,167.4404754638672,68587700,0.0,0.0
2024-03-07 00:00:00-05:00,167.47014430312151,169.03445493979737,166.81671032658778,167.32164001464844,71765100,0.0,0.0
2024-03-08 00:00:00-05:00,167.32165453074688,171.97497562938204,167.26225281020422,169.0344696044922,76267000,0.0,0.0
2024-03-11 00:00:00-04:00,171.2225546353428,172.6482565736913,170.34139373001014,171.03443908691406,60139500,0.0,0.0
2024-03-12 00:00:00-04:00,171.43046672764987,172.30173241116674,169.31171935776177,171.50967407226562,59825400,0.0,0.0
2024-03-13 00:00:00-04:00,171.05422401757613,171.4700511814422,169.0641756745517,169.43051147460938,52488700,0.0,0.0
2024-03-14 00:00:00-04:00,171.19281881058188,172.5789092413306,170.34135894390695,171.28192138671875,72913500,0.0,0.0
2024-03-15 00:00:00-04:00,169.47011882986195,170.9057159423828,168.59885322457814,170.9057159423828,121752700,0.0,0.0
2024-03-18 00:00:00-04:00,173.82643054023092,175.94517770513775,171.7967859641753,171.9947967529297,75604200,0.0,0.0
2024-03-19 00:00:00-04:00,172.6086191723699,174.85607994565953,171.31163124958826,174.3313446044922,55215200,0.0,0.0
2024-03-20 00:00:00-04:00,173.97494430389506,176.89564514160156,173.35119593354977,176.89564514160156,53423100,0.0,0.0
2024-03-21 00:00:00-04:00,175.29173693263047,175.72736975318543,169.14340118299,169.6681365966797,106181300,0.0,0.0
2024-03-22 00:00:00-04:00,170.05426688241553,171.33146450930536,168.37115239719608,170.56910705566406,71160100,0.0,0.0
2024-03-25 00:00:00-04:00,168.87608692531137,170.2324767040703,167.76719930445816,169.15330505371094,54288300,0.0,0.0
2024-03-26 00:00:00-04:00,168.3117257823714,169.71762191427138,167.89589862566189,168.0246124267578,57388400,0.0,0.0
2024-03-27 00:00:00-04:00,168.7176879462108,171.87601096065072,168.42066417893392,171.58888244628906,60273300,0.0,0.0
2024-03-28 00:00:00-04:00,170.0443614510728,170.51959037094832,168.81667037520143,169.77703857421875,65672700,0.0,0.0
2024-04-01 00:00:00-04:00,169.48992969134684,169.54933141950085,167.79690490268092,168.34144592285156,46240500,0.0,0.0
2024-04-02 00:00:00-04:00,167.40087579338118,167.65828830624176,166.55931106297376,167.1632537841797,49329500,0.0,0.0
2024-04-03 00:00:00-04:00,167.11374996517486,168.98497988400436,166.90584392266877,167.9652099609375,47691700,0.0,0.0
2024-04-04 00:00:00-04:00,168.59883533803097,170.2126525655396,167.14344787597656,167.14344787597656,53704400,0.0,0.0
2024-04-05 00:00:00-04:00,167.90578453281648,168.6978426903414,167.27214102824712,167.89588928222656,42104800,0.0,0.0
2024-04-08 00:00:00-04:00,167.3513719945941,167.51968192191484,166.5692240844266,166.77713012695312,37425500,0.0,0.0
2024-04-09 00:00:00-04:00,167.02464767080627,168.39094781013864,166.67813256359855,167.98501586914062,42373800,0.0,0.0
2024-04-10 00:00:00-04:00,167.12365945587084,167.4107728345435,165.45044033625643,166.11378479003906,49709300,0.0,0.0
2024-04-11 00:00:00-04:00,166.66822184170525,173.7175238179071,166.49001666248702,173.3016815185547,91070300,0.0,0.0
2024-04-12 00:00:00-04:00,172.52944039553972,176.58872985356905,172.47994902506244,174.7967071533203,101670900,0.0,0.0
2024-04-15 00:00:00-04:00,173.6185038309996,174.8758957155582,170.78690583147454,170.9750213623047,73531800,0.0,0.0
2024-04-16 00:00:00-04:00,170.04436539186383,172.0343988146065,166.59892920522176,167.69790649414062,73711200,0.0,0.0
2024-04-17 00:00:00-04:00,167.9256158132339,168.95528100035153,166.33160400390625,166.33160400390625,50901200,0.0,0.0
2024-04-18 00:00:00-04:00,166.36130787024413,166.96525061902096,164.89600984807865,165.38113403320312,43122900,0.0,0.0
2024-04-19 00:00:00-04:00,164.5594254399184,164.7475259173238,162.45057299096052,163.36143493652344,68149400,0.0,0.0
2024-04-22 00:00:00-04:00,163.87623994630854,165.59895049362888,163.1336881290828,164.19305419921875,48116400,0.0,0.0
2024-04-23 00:00:00-04:00,163.70792820716713,165.39104261951863,163.28219064755024,165.24252319335938,49537800,0.0,0.0
2024-04-24 00:00:00-04:00,164.8861093338651,167.6187098522012,164.5593998092657,167.34149169921875,48251800,0.0,0.0
2024-04-25 00:00:00-04:00,167.84642483703811,168.91570135131437,166.48012455092012,168.20285034179688,50558300,0.0,0.0
2024-04-26 00:00:00-04:00,168.19292468782604,169.63841695172266,167.49986430971396,167.61868286132812,44838400,0.0,0.0
2024-04-29 00:00:00-04:00,171.64826373021612,174.28185098854456,171.38095596804143,171.7769775390625,68169400,0.0,0.0
2024-04-30 00:00:00-04:00,171.60869637165644,173.25221487057408,168.31176412042663,168.63848876953125,65934800,0.0,0.0
2024-05-01 00:00:00-04:00,167.8959009696714,170.9948217396029,167.43056733625505,167.61868286132812,50383100,0.0,0.0
2024-05-02 00:00:00-04:00,170.79682058773386,171.69778712393833,169.19291342760516,171.31166076660156,94214900,0.0,0.0
2024-05-03 00:00:00-04:00,184.7963833456082,185.14291355827163,180.84601747897057,181.55886840820312,163224100,0.0,0.0
2024-05-06 00:00:00-04:00,180.53910014061182,182.3707188474722,178.62825898838415,179.90545654296875,78569700,0.0,0.0
2024-05-07 00:00:00-04:00,181.62815272879564,183.0637497391675,179.5193160584302,180.5885772705078,77305800,0.0,0.0
2024-05-08 00:00:00-04:00,181.0341248704048,181.25194126160505,179.64801918938014,180.9252166748047,45057100,0.0,0.0
2024-05-09 00:00:00-04:00,180.74699689996783,182.82614787366472,180.3014688648197,182.73704528808594,48983000,0.0,0.0
2024-05-10 00:00:00-04:00,183.3120385724197,183.50040923773955,180.5658387363955,181.47793579101562,50759500,0.25,0.0
2024-05-13 00:00:00-04:00,183.84743912898392,185.49318663872077,183.0344740478803,184.6802215576172,72044800,0.0,0.0
2024-05-14 00:00:00-04:00,185.89965779253163,186.6828817403559,184.6901339480471,185.82034301757812,52393600,0.0,0.0
2024-05-15 00:00:00-04:00,186.29619948475903,189.01265820085425,185.76082862824447,188.0906524658203,70400000,0.0,0.0
2024-05-16 00:00:00-04:00,188.83423487080034,189.458829238671,188.03119361367854,188.2096405029297,52845200,0.0,0.0
2024-05-17 00:00:00-04:00,187.8824709799172,189.1713095252472,187.55530322495105,188.2393798828125,41282900,0.0,0.0
2024-05-20 00:00:00-04:00,187.70403175639103,190.2717851507536,187.38677266186554,189.3993377685547,44361300,0.0,0.0
2024-05-21 00:00:00-04:00,189.44891605266244,191.07483113273048,189.2803778274553,190.69810485839844,42309400,0.0,0.0
2024-05-22 00:00:00-04:00,190.6188039117619,191.16408357860647,188.63597976159812,189.26055908203125,34648500,0.0,0.0
2024-05-23 00:00:00-04:00,189.3398501117122,189.35968258649532,185.02721720275102,185.2750701904297,51005900,0.0,0.0
2024-05-24 00:00:00-04:00,187.1984384364121,188.943318272004,186.42512308727407,188.3484649658203,36327000,0.0,0.0
2024-05-28 00:00:00-04:00,189.86530324069457,191.3425125399711,187.4760118609873,188.35836791992188,52280100,0.0,0.0
2024-05-29 00:00:00-04:00,187.98160889548626,190.5989356775744,187.88246165547932,188.65576171875,53068000,0.0,0.0
2024-05-30 00:00:00-04:00,189.12173915319045,190.52954231443272,188.99286588586446,189.64718627929688,49889100,0.0,0.0
2024-05-31 00:00:00-04:00,189.7959119633218,190.9162123421418,188.27905284340878,190.5989532470703,75158300,0.0,0.0
2024-06-03 00:00:00-04:00,191.24336235629542,193.31542486412093,190.86663609575578,192.36366271972656,50080500,0.0,0.0
2024-06-04 00:00:00-04:00,192.9684415601165,193.64260962317667,191.37226754827617,192.68093872070312,47471400,0.0,0.0
2024-06-05 00:00:00-04:00,193.7218709101011,195.20898869639487,193.19642383583022,194.18783569335938,54156800,0.0,0.0
2024-06-06 00:00:00-04:00,194.0094297097739,194.81247106318253,192.50247913295604,192.809814453125,41181800,0.0,0.0
2024-06-07 00:00:00-04:00,192.9783133981505,195.2486550396786,192.4726987931798,195.19908142089844,53103900,0.0,0.0
2024-06-10 00:00:00-04:00,195.20899197297106,195.60556579928584,190.49978557066368,191.46145629882812,97010200,0.0,0.0
2024-06-11 00:00:00-04:00,191.98691085726122,205.38089548057218,191.96709351098235,205.3709716796875,172373300,0.0,0.0
2024-06-12 00:00:00-04:00,205.58908283581826,218.30889945026047,205.1231180281253,211.24014282226562,198134300,0.0,0.0
2024-06-13 00:00:00-04:00,212.8957913864929,214.88852380834695,209.782758705521,212.40008544921875,97862700,0.0,0.0
2024-06-14 00:00:00-04:00,212.01345147179217,213.32210737882852,209.4853479747781,210.66513061523438,70122700,0.0,0.0
2024-06-17 00:00:00-04:00,211.53757201804441,217.06965275202606,210.89316027395952,214.80923461914062,93728300,0.0,0.0
2024-06-18 00:00:00-04:00,215.72133922684367,216.75241620599633,211.17076165562816,212.44967651367188,79943300,0.0,0.0
2024-06-20 00:00:00-04:00,212.0927425591543,212.4000929584359,207.05638337080816,207.87924194335938,86172500,0.0,0.0
2024-06-21 00:00:00-04:00,208.58315742215362,210.07027533194446,205.33132746963062,205.70806884765625,241805100,0.0,0.0
2024-06-24 00:00:00-04:00,205.93610206103614,210.87332959032133,204.8158016590104,206.3524932861328,80727000,0.0,0.0
2024-06-25 00:00:00-04:00,207.35382052419757,209.56468024841507,206.8184646829133,207.27452087402344,55549700,0.0,0.0
2024-06-26 00:00:00-04:00,209.68362348048936,213.01476817493463,208.8310086144187,211.41859436035156,66213200,0.0,0.0
2024-06-27 00:00:00-04:00,212.84622088780682,213.88720639689362,210.52632069800987,212.26129150390625,49772700,0.0,0.0
2024-06-28 00:00:00-04:00,213.91695291908772,214.21437951883613,208.4939285392998,208.81117248535156,82542700,0.0,0.0
2024-07-01 00:00:00-04:00,210.26855134899324,215.64200216221636,210.10001313722785,214.88853454589844,60402900,0.0,0.0
2024-07-02 00:00:00-04:00,214.2936836981781,218.4873670751859,213.25271326862932,218.37831115722656,58046200,0.0,0.0
2024-07-03 00:00:00-04:00,218.11061688690268,219.64730834960938,217.14894613859082,219.64730834960938,37369800,0.0,0.0
2024-07-05 00:00:00-04:00,219.74646963306245,224.50525038603786,219.74646963306245,224.3961944580078,60412400,0.0,0.0
2024-07-08 00:00:00-04:00,225.13973799267995,225.89322076278884,221.3327197032473,225.8634796142578,59085900,0.0,0.0
2024-07-09 00:00:00-04:00,225.97252074204383,227.42989753320916,224.4259205051531,226.71607971191406,48076100,0.0,0.0
2024-07-10 00:00:00-04:00,227.3307677065015,231.0783037422216,227.28119408246098,230.97915649414062,62627700,0.0,0.0
2024-07-11 00:00:00-04:00,229.40281699319425,230.39422897123262,223.83108651749725,225.61563110351562,64710600,0.0,0.0
2024-07-12 00:00:00-04:00,226.9540066999144,230.64206011910093,226.71606240173486,228.56008911132812,53046500,0.0,0.0
2024-07-15 00:00:00-04:00,234.44910163171727,235.1926606193721,231.0882156126273,232.386962890625,62631300,0.0,0.0
2024-07-16 00:00:00-04:00,232.98180687397965,234.24090427881208,230.33473879844306,232.80335998535156,43234300,0.0,0.0
2024-07-17 00:00:00-04:00,227.47946461019197,229.47221227385296,224.69359950369105,226.91436767578125,57345900,0.0,0.0
2024-07-18 00:00:00-04:00,228.3023336745397,228.46096321097224,220.36112971273346,222.2547149658203,66034600,0.0,0.0
2024-07-19 00:00:00-04:00,222.88922042587495,224.85221166233242,221.3624376981624,222.3835906982422,49151500,0.0,0.0
2024-07-22 00:00:00-04:00,225.06039989232605,225.8237912569016,221.17406723372827,222.03660583496094,48201800,0.0,0.0
2024-07-23 00:00:00-04:00,222.44308791792702,224.9910238167192,220.76759935066607,223.0775909423828,39960300,0.0,0.0
2024-07-24 00:00:00-04:00,222.07627816799848,222.86941075843336,215.26528287042115,216.6631622314453,61777600,0.0,0.0
2024-07-25 00:00:00-04:00,217.04981289629316,218.95333716975932,212.77682977395946,215.6221923828125,51391200,0.0,0.0
2024-07-26 00:00:00-04:00,216.82176985722595,217.60499369491455,214.15486954444728,216.088134765625,41601300,0.0,0.0
2024-07-29 00:00:00-04:00,215.0967318967012,217.41663210574902,213.89711684474761,216.36573791503906,36311800,0.0,0.0
2024-07-30 00:00:00-04:00,217.3075942808937,218.43780333279796,214.26395224147618,216.9209442138672,41643800,0.0,0.0
2024-07-31 00:00:00-04:00,219.53825698895486,221.89782218872546,218.7352157578384,220.17276000976562,50036300,0.0,0.0
2024-08-01 00:00:00-04:00,222.44307529690366,222.55213120715743,215.15620716620225,216.4846954345703,62501000,0.0,0.0
2024-08-02 00:00:00-04:00,217.26790792406092,223.6625266661827,215.8402875210575,217.97181701660156,105568600,0.0,0.0
2024-08-05 00:00:00-04:00,197.3802115476467,211.6664621054212,194.3167520967801,207.47279357910156,119548600,0.0,0.0
2024-08-06 00:00:00-04:00,203.53688424769564,208.18660889381388,199.3432157724579,205.45030212402344,69660500,0.0,0.0
2024-08-07 00:00:00-04:00,205.12313014700663,211.80525225793107,204.61751548926864,208.01806640625,63516400,0.0,0.0
2024-08-08 00:00:00-04:00,211.27982425167653,212.36045976406422,207.03658185433542,211.4781036376953,47161100,0.0,0.0
2024-08-09 00:00:00-04:00,210.2784745623819,214.91827509282652,210.1495861717322,214.38291931152344,42201600,0.0,0.0
2024-08-12 00:00:00-04:00,214.46232494953352,217.8767166928247,213.99582080224636,215.9114532470703,38028100,0.25,0.0
2024-08-13 00:00:00-04:00,217.38044783379533,220.23902400333975,217.38044783379533,219.62364196777344,44155300,0.0,0.0
2024-08-14 00:00:00-04:00,218.92887503482297,221.37056313371255,218.06533789669703,220.0703125,41960600,0.0,0.0
2024-08-15 00:00:00-04:00,222.9288560878089,223.67327566716008,221.1025352094067,223.04795837402344,46414000,0.0,0.0
2024-08-16 00:00:00-04:00,222.25391598005478,225.14226768918678,221.98592068094572,224.36807250976562,44340200,0.0,0.0
2024-08-19 00:00:00-04:00,224.0405257400108,224.30852103873067,221.38045847347976,224.20925903320312,40687800,0.0,0.0
2024-08-20 00:00:00-04:00,224.09014645304697,225.4797235950926,223.77252016614798,224.8246307373047,30299000,0.0,0.0
2024-08-21 00:00:00-04:00,224.8345868015738,226.28371522001356,223.37552309496598,224.71546936035156,34765500,0.0,0.0
2024-08-22 00:00:00-04:00,226.09512887719345,226.64103964823346,222.23407290784718,222.85939025878906,43695300,0.0,0.0
2024-08-23 00:00:00-04:00,223.98097823318813,226.52192810531062,222.66087229355688,225.15219116210938,38677300,0.0,0.0
2024-08-26 00:00:00-04:00,225.0727813784282,225.58891654674125,222.22414052811973,225.48965454101562,30602200,0.0,0.0
2024-08-27 00:00:00-04:00,224.31844891527626,227.14724957253156,223.21670725505913,226.33334350585938,35934600,0.0,0.0
2024-08-28 00:00:00-04:00,226.22414704916858,228.14971479709,224.0008084384826,224.80479431152344,38052200,0.0,0.0
2024-08-29 00:00:00-04:00,228.38793686624163,231.18694665641485,227.17701311839377,228.08023071289062,51906300,0.0,0.0
2024-08-30 00:00:00-04:00,228.4772755570311,228.68570457235603,225.78743262658827,227.29612731933594,52990800,0.0,0.0
2024-09-03 00:00:00-04:00,226.84948058831634,227.2961293418145,219.52438650802387,221.11248779296875,50190600,0.0,0.0
2024-09-04 00:00:00-04:00,220.01072730838987,220.1298295937355,215.86182100754215,219.20675659179688,43840200,0.0,0.0
2024-09-05 00:00:00-04:00,219.9809679444758,223.80231295165626,219.87178579311316,220.7253875732422,36615400,0.0,0.0
2024-09-06 00:00:00-04:00,222.2837029728863,223.56411324365834,218.13481142105056,219.177001953125,48423000,0.0,0.0
2024-09-09 00:00:00-04:00,219.17698492990527,219.62363365317324,215.0975649862482,219.2663116455078,67180000,0.0,0.0
2024-09-10 00:00:00-04:00,217.29112653781655,219.83207646515766,215.1174187834135,218.47227478027344,51591000,0.0,0.0
2024-09-11 00:00:00-04:00,219.81221238330573,221.43007391385896,216.2687680395375,221.00328063964844,44587100,0.0,0.0
2024-09-12 00:00:00-04:00,220.84449248276735,221.8866830044339,218.1844402475294,221.11248779296875,37455600,0.0,0.0
2024-09-13 00:00:00-04:00,221.91644846858938,222.37301734416337,220.25887596851652,220.844482421875,36766600,0.0,0.0
2024-09-16 00:00:00-04:00,214.92882889414335,215.60377723416104,212.32832783334672,214.71047973632812,59357400,0.0,0.0
2024-09-17 00:00:00-04:00,214.14471619981742,215.28615358843467,212.904016801209,215.17697143554688,45519300,0.0,0.0
2024-09-18 00:00:00-04:00,215.9313221513165,221.05293280374121,215.92138686335736,219.04795837402344,59894900,0.0,0.0
2024-09-19 00:00:00-04:00,223.31594824973243,228.11001204196916,222.9586262544957,227.1670684814453,66781300,0.0,0.0
2024-09-20 00:00:00-04:00,228.25889437635817,231.35567496568984,225.9263736470506,226.50205993652344,318679900,0.0,0.0
2024-09-23 00:00:00-04:00,225.64849514744006,227.74279650292337,224.1298801756485,224.78497314453125,54146000,0.0,0.0
2024-09-24 00:00:00-04:00,226.94872814757065,227.64353192764617,224.05045616714196,225.67825317382812,43556100,0.0,0.0
2024-09-25 00:00:00-04:00,223.2563961324406,225.59883710649478,222.35317851779175,224.68568420410156,42308700,0.0,0.0
2024-09-26 00:00:00-04:00,225.608784129346,226.79985253593196,223.73284722402752,225.8271484375,36636700,0.0,0.0
2024-09-27 00:00:00-04:00,226.76016679177644,227.81227751628776,225.60879405182706,226.0951385498047,34026000,0.0,0.0
2024-09-30 00:00:00-04:00,228.32838978012126,231.26637268066406,227.94129216556473,231.26637268066406,54541900,0.0,0.0
2024-10-01 00:00:00-04:00,227.81223995033787,227.94126237482303,222.07524777401002,224.52687072753906,63285000,0.0,0.0
2024-10-02 00:00:00-04:00,224.20925878310885,225.67824256269316,221.360617941662,225.09263610839844,32880600,0.0,0.0
2024-10-03 00:00:00-04:00,223.46483520314058,225.12240767637772,221.65838486968212,223.9908905029297,34044200,0.0,0.0
2024-10-04 00:00:00-04:00,226.20429410810965,226.3035561118749,222.46235586119454,225.11248779296875,37245100,0.0,0.0
2024-10-07 00:00:00-04:00,222.8296172342201,224.01076551273388,219.68320530273118,220.04052734375,39505400,0.0,0.0
2024-10-08 00:00:00-04:00,222.63110049734397,224.298593199742,221.58890998571715,224.0901641845703,31855700,0.0,0.0
2024-10-09 00:00:00-04:00,223.554178398676,228.04055170887608,223.1571606453159,227.8321075439453,33591100,0.0,0.0
2024-10-10 00:00:00-04:00,226.08521111865923,227.7924147414137,225.47974919262126,227.33583068847656,28183500,0.0,0.0
2024-10-11 00:00:00-04:00,227.5938974682738,227.70307961960657,225.6484741750507,225.85691833496094,31759200,0.0,0.0
2024-10-14 00:00:00-04:00,226.99834931201846,230.0058033150611,226.89910245149323,229.57901000976562,39882100,0.0,0.0
2024-10-15 00:00:00-04:00,231.87182665313995,235.7229623804217,230.6410474142004,232.11004638671875,64751400,0.0,0.0
2024-10-16 00:00:00-04:00,229.87676649695567,230.39288648800354,228.1298522341637,230.055419921875,34082200,0.0,0.0
2024-10-17 00:00:00-04:00,231.69315867439417,232.11004699556463,228.8048220166126,230.4226837158203,32993800,0.0,0.0
2024-10-18 00:00:00-04:00,234.4226930307779,234.4226930307779,232.26884075534687,233.25148010253906,46431500,0.0,0.0
2024-10-21 00:00:00-04:00,232.7055644739604,235.08771628667242,232.7055644739604,234.720458984375,36254500,0.0,0.0
2024-10-22 00:00:00-04:00,232.14972869721714,234.46239402859047,230.8693336731526,234.10507202148438,38846600,0.0,0.0
2024-10-23 00:00:00-04:00,232.33833466706656,233.39044533687328,226.0653512199268,229.04302978515625,52287000,0.0,0.0
2024-10-24 00:00:00-04:00,228.26882480795348,229.10258628095696,226.71051430099084,228.8544464111328,31109500,0.0,0.0
2024-10-25 00:00:00-04:00,228.03061417648678,231.48471683213373,227.86188088691335,229.6881866455078,38802300,0.0,0.0
2024-10-28 00:00:00-04:00,231.5839844241638,232.98348177622344,230.81970938626554,231.6633758544922,36087100,0.0,0.0
2024-10-29 00:00:00-04:00,231.36563017470797,232.5864741436605,230.59143496071306,231.93138122558594,35417200,0.0,0.0
2024-10-30 00:00:00-04:00,230.87925826342104,231.7328600109945,227.8420287171323,228.387939453125,47070900,0.0,0.0
2024-10-31 00:00:00-04:00,227.63358238786932,228.11994197442104,223.693120129287,224.22911071777344,64370100,0.0,0.0
2024-11-01 00:00:00-04:00,219.32585141181025,223.67326642200996,218.6310628621847,221.2514190673828,65276700,0.0,0.0
2024-11-04 00:00:00-05:00,219.34570882983752,221.13230364643434,218.07523400035532,220.3581085205078,44944500,0.0,0.0
2024-11-05 00:00:00-05:00,220.14969745378525,222.28369429475046,219.49460455688452,221.78741455078125,28111300,0.0,0.0
2024-11-06 00:00:00-05:00,220.95365355112233,224.38791581537038,219.54422098922427,221.06283569335938,54561100,0.0,0.0
2024-11-07 00:00:00-05:00,222.95862926675593,226.18444740932767,222.8990781242877,225.78741455078125,42137700,0.0,0.0
2024-11-08 00:00:00-05:00,225.72780810336752,227.20835428792034,224.9726384261151,225.51914978027344,38328800,0.25,0.0
2024-11-11 00:00:00-05:00,223.57158868270503,224.26714170400084,220.0938084143074,222.8064727783203,42005600,0.0,0.0
2024-11-12 00:00:00-05:00,223.12444853772337,224.15783943194586,221.9420008205612,222.8064727783203,40398300,0.0,0.0
2024-11-13 00:00:00-05:00,222.58787261698694,225.2111120360391,221.34580821096,223.69082641601562,48566200,0.0,0.0
2024-11-14 00:00:00-05:00,223.59148192887395,227.41703140021204,223.57160465201176,226.7711639404297,44923900,0.0,0.0
2024-11-15 00:00:00-05:00,224.96268496170848,225.4793879673537,222.84621765747355,223.5715789794922,47923700,0.0,0.0
2024-11-18 00:00:00-05:00,223.8199993254601,228.28149999782985,223.74050538640262,226.57241821289062,44633700,0.0,0.0
2024-11-19 00:00:00-05:00,225.53901477922054,228.6988344551977,225.22105418122663,226.8307647705078,36211800,0.0,0.0
2024-11-20 00:00:00-05:00,226.61215353970658,228.47027695087482,224.45593165289552,227.5461883544922,35169600,0.0,0.0
2024-11-21 00:00:00-05:00,227.42695953023323,228.69883223369175,224.2770861035494,227.06924438476562,42108300,0.0,0.0
2024-11-22 00:00:00-05:00,226.61216818417898,229.25528492407807,226.61216818417898,228.41067504882812,38168300,0.0,0.0
2024-11-25 00:00:00-05:00,229.99057974831032,231.7692092379923,228.28149797848934,231.39161682128906,90152800,0.0,0.0
2024-11-26 00:00:00-05:00,231.8487208075284,234.07450576495518,231.8487208075284,233.56773376464844,45986200,0.0,0.0
2024-11-27 00:00:00-05:00,232.9814664022851,234.1937224347506,232.32565277909848,233.43853759765625,33498400,0.0,0.0
2024-11-29 00:00:00-05:00,233.31932748739487,236.30028225823045,232.4846637904217,235.82333374023438,28481400,0.0,0.0
2024-12-02 00:00:00-05:00,235.76369091824088,239.26133321145704,235.654388648958,238.06895446777344,48137100,0.0,0.0
2024-12-03 00:00:00-05:00,238.28756099978403,241.21882985808793,237.3833345065081,241.10952758789062,38861000,0.0,0.0
2024-12-04 00:00:00-05:00,241.32815927991484,242.56029272240895,239.7184485394643,241.46726989746094,44383900,0.0,0.0
2024-12-05 00:00:00-05:00,242.44105143123323,242.98754766386446,240.59285890906452,241.4970703125,40033900,0.0,0.0
2024-12-06 00:00:00-05:00,241.36790273028285,243.0769846168902,240.5431701206591,241.29833984375,36870600,0.0,0.0
2024-12-09 00:00:00-05:00,240.29475369946152,245.67041216886827,240.21525975684386,245.1835174560547,44649200,0.0,0.0
2024-12-10 00:00:00-05:00,245.32260336553807,246.63423054379348,243.78244060146582,246.197021484375,36914800,0.0,0.0
2024-12-11 00:00:00-05:00,246.3858398593606,249.20780656351602,244.69662013013263,244.9251708984375,45205800,0.0,0.0
2024-12-12 00:00:00-05:00,245.32260415969785,247.1608653940442,244.1202792424049,246.3858184814453,32777500,0.0,0.0
2024-12-13 00:00:00-05:00,246.24673423955153,247.7073880681415,244.676762972136,246.5547637939453,33155300,0.0,0.0
2024-12-16 00:00:00-05:00,246.41563368868003,249.78411156803347,246.07778066556844,249.44625854492188,51694800,0.0,0.0
2024-12-17 00:00:00-05:00,248.49237939681157,252.2185726786221,248.19428090188288,251.87078857421875,51356400,0.0,0.0
2024-12-18 00:00:00-05:00,250.559158393614,252.66569465886903,246.16722071424974,246.47525024414062,56774100,0.0,0.0
2024-12-19 00:00:00-05:00,245.92873792847348,250.400169527173,245.5213371883983,248.20419311523438,60882300,0.0,0.0
2024-12-20 00:00:00-05:00,246.46529524609687,253.3811159043778,244.13022347118752,252.87435913085938,147495300,0.0,0.0
2024-12-23 00:00:00-05:00,253.15258832932108,254.02699130961165,251.84096111600803,253.6494140625,40858800,0.0,0.0
2024-12-24 00:00:00-05:00,253.86798918256417,256.57070690893096,253.66924678278625,256.560791015625,23234700,0.0,0.0
2024-12-26 00:00:00-05:00,256.55086249805703,258.44874034869076,255.99442012888886,257.3755798339844,27237100,0.0,0.0
2024-12-27 00:00:00-05:00,256.1931309155478,257.0576331183779,251.45342458389948,253.9673614501953,42355300,0.0,0.0
2024-12-30 00:00:00-05:00,250.6287158030117,251.890657464443,249.15811581542044,250.59890747070312,35557500,0.0,0.0
2024-12-31 00:00:00-05:00,250.83739579916153,251.6720594492945,247.84649497663966,248.83021545410156,39480700,0.0,0.0
2025-01-02 00:00:00-05:00,247.34966196417784,247.51859606258614,240.28481431614935,242.3019256591797,55740700,0.0,0.0
2025-01-03 00:00:00-05:00,241.81504821777344,242.629834626151,240.35437918764114,241.81504821777344,40244100,0.0,0.0
2025-01-06 00:00:00-05:00,242.75898865424097,245.75982034447205,241.65603491404494,243.44461059570312,45045600,0.0,0.0
2025-01-07 00:00:00-05:00,241.43743349025635,243.99112508347835,239.81779188041267,240.67233276367188,40856000,0.0,0.0
2025-01-08 00:00:00-05:00,240.3841632667122,242.16280789951685,238.52603985831155,241.15921020507812,37628900,0.0,0.0
2025-01-10 00:00:00-05:00,238.48630187104285,238.63535869995312,231.5208099984783,235.34637451171875,61710900,0.0,0.0
2025-01-13 00:00:00-05:00,232.04743903723335,233.18020116738663,228.26162915914,232.9119110107422,49630700,0.0,0.0
2025-01-14 00:00:00-05:00,233.25969544364762,234.62099318079112,230.99417118008773,231.7990264892578,39435300,0.0,0.0
2025-01-15 00:00:00-05:00,233.1503884256181,237.4429702030776,232.94171493841435,236.35987854003906,39832000,0.0,0.0
2025-01-16 00:00:00-05:00,235.84318609247865,236.49898454969573,226.58234697208553,226.81088256835938,71759100,0.0,0.0
2025-01-17 00:00:00-05:00,230.64637201374376,230.81529094249188,227.0294813062853,228.51995849609375,68488300,0.0,0.0
2025-01-21 00:00:00-05:00,222.57792910461188,222.99526090225285,217.98726416864307,221.2265625,98070400,0.0,0.0
2025-01-22 00:00:00-05:00,218.39465138442915,222.6971640978084,218.39465138442915,222.4090118408203,64126500,0.0,0.0
2025-01-23 00:00:00-05:00,223.3132731450397,225.58872871016843,220.8887607380179,222.24012756347656,60234800,0.0,0.0
2025-01-24 00:00:00-05:00,223.35296445648333,224.19757422629087,220.00436403066544,221.36566162109375,54697900,0.0,0.0
2025-01-27 00:00:00-05:00,222.59782027357136,230.67619691244207,222.55806572164707,228.40074157714844,94863400,0.0,0.0
2025-01-28 00:00:00-05:00,229.3844597561093,238.66516132615985,229.3447052045828,236.74740600585938,75707600,0.0,0.0
2025-01-29 00:00:00-05:00,232.6336842670617,238.33724933385383,232.52438199561368,237.84042358398438,45486100,0.0,0.0
2025-01-30 00:00:00-05:00,237.1548105184623,239.26134692510684,235.7040877651042,236.0816650390625,55658300,0.0,0.0
2025-01-31 00:00:00-05:00,245.62071750771995,245.62071750771995,231.95800933839706,234.5017547607422,100959800,0.0,0.0
2025-02-03 00:00:00-05:00,228.52991033796462,230.35822543026035,224.2671369795404,226.56246948242188,73063300,0.0,0.0
2025-02-04 00:00:00-05:00,225.80731341689966,231.64998934854387,225.21111642561868,231.32208251953125,45067300,0.0,0.0
2025-02-05 00:00:00-05:00,227.0791817096477,231.19289841511937,226.82083777153602,230.99417114257812,39620300,0.0,0.0
2025-02-06 00:00:00-05:00,229.8216550685821,232.31573010563136,228.96711414866223,231.73941040039062,29925300,0.0,0.0
2025-02-07 00:00:00-05:00,231.1233398047693,232.51444580894437,225.81722939017394,226.1848907470703,39707200,0.0,0.0
2025-02-10 00:00:00-05:00,228.36338248973718,229.378010419489,226.00582893863492,226.45346069335938,33115600,0.25,0.0
2025-02-11 00:00:00-05:00,227.00058728303875,233.99363668198936,226.93096309298542,231.39735412597656,53718400,0.0,0.0
2025-02-12 00:00:00-05:00,229.98481838871234,235.71455375787428,229.4675472393098,235.62501525878906,45243300,0.0,0.0
2025-02-13 00:00:00-05:00,235.66481592241834,241.06626881430705,234.33186254170715,240.26052856445312,53614100,0.0,0.0
2025-02-14 00:00:00-05:00,239.981993568851,244.25939586817944,239.72336558929686,243.31439208984375,40896200,0.0,0.0
2025-02-18 00:00:00-05:00,242.86674847770814,243.8913336127375,240.56889220053384,243.18507385253906,48822500,0.0,0.0
2025-02-19 00:00:00-05:00,243.37407429304395,244.716969605811,241.88195827091008,243.5829620361328,32204200,0.0,0.0
2025-02-20 00:00:00-05:00,243.65259654249155,245.4829218502696,243.00600383864503,244.5379180908203,32316900,0.0,0.0
2025-02-21 00:00:00-05:00,244.6572756706751,247.38287960480025,243.93111682470231,244.25938415527344,53197400,0.0,0.0
2025-02-24 00:00:00-05:00,243.64264638435856,247.55199828948733,243.1353323966777,245.80125427246094,51326400,0.0,0.0
2025-02-25 00:00:00-05:00,246.69650753214344,248.68599549611233,243.62275227067275,245.74154663085938,48013300,0.0,0.0
2025-02-26 00:00:00-05:00,243.04581476744292,243.69239232640413,237.87314875998453,239.0966796875,44433600,0.0,0.0
2025-02-27 00:00:00-05:00,238.1516754344793,241.18564780716906,235.81402085750776,236.05276489257812,41153600,0.0,0.0
2025-02-28 00:00:00-05:00,235.70459571566596,240.8175794410065,228.9900734891547,240.5688934326172,56833400,0.0,0.0
2025-03-03 00:00:00-05:00,240.51914741730602,242.74737946323825,234.8690087281554,236.77891540527344,47184000,0.0,0.0
2025-03-04 00:00:00-05:00,236.46059966619734,238.80819608105105,233.44651142335266,234.68994140625,53798100,0.0,0.0
2025-03-05 00:00:00-05:00,234.18263593082168,235.30670153327668,228.0251680036218,234.50096130371094,47227600,0.0,0.0
2025-03-06 00:00:00-05:00,233.207802772317,236.60982567864426,231.93453157387603,234.09312438964844,45170400,0.0,0.0
2025-03-07 00:00:00-05:00,233.87426828677374,240.10136041796665,233.5261018066448,237.81346130371094,46273600,0.0,0.0
2025-03-10 00:00:00-04:00,234.3019970725287,234.91874867921032,223.04150278970278,226.28436279296875,72071200,0.0,0.0
2025-03-11 00:00:00-04:00,222.63365113389432,224.65298022983382,216.30707871737093,219.67926025390625,76137400,0.0,0.0
2025-03-12 00:00:00-04:00,218.9829331071368,220.58447147788527,213.7804264853068,215.83953857421875,62547500,0.0,0.0
2025-03-13 00:00:00-04:00,214.8149446944866,215.7002661687503,207.3245242537218,208.57789611816406,61368300,0.0,0.0
2025-03-14 00:00:00-04:00,210.13965751241793,212.82546311709572,208.47843695256688,212.36788940429688,60107600,0.0,0.0
2025-03-17 00:00:00-04:00,212.18883784213668,214.0888025037831,208.8663965620962,212.87521362304688,48073400,0.0,0.0
2025-03-18 00:00:00-04:00,213.0343879953175,214.019174884069,210.3784232206469,211.57211303710938,42432400,0.0,0.0
2025-03-19 00:00:00-04:00,213.0940452987452,217.61017604964766,212.62651443867486,214.1086883544922,54385400,0.0,0.0
2025-03-20 00:00:00-04:00,212.86529372925065,216.34689805154306,211.1045924362575,212.97471618652344,48862900,0.0,0.0
2025-03-21 00:00:00-04:00,210.4480334492585,217.68976839110027,210.16950634984832,217.12277221679688,94127800,0.0,0.0
2025-03-24 00:00:00-04:00,219.838409330833,220.31588216896776,217.43113083289424,219.56982421875,44299500,0.0,0.0
2025-03-25 00:00:00-04:00,219.60962662242414,222.9221258053629,218.9232508666907,222.57395935058594,34493600,0.0,0.0
2025-03-26 00:00:00-04:00,222.33523531503357,223.83730853242594,219.3112201065871,220.3656463623047,34466100,0.0,0.0
2025-03-27 00:00:00-04:00,220.2263848697343,223.80746952519274,219.40074548587612,222.6734619140625,37094800,0.0,0.0
2025-03-28 00:00:00-04:00,220.504904155295,222.6336557419088,216.5358700680628,216.7547149658203,39818600,0.0,0.0
2025-03-31 00:00:00-04:00,215.86939419548492,224.43414081005062,215.09349507460487,220.96249389648438,65299300,0.0,0.0
2025-04-01 00:00:00-04:00,218.65466729819107,222.5043215641154,217.74944665223015,222.01690673828125,36412700,0.0,0.0
2025-04-02 00:00:00-04:00,220.15675729790527,224.00641185945875,219.8583310514353,222.71324157714844,35905900,0.0,0.0
2025-04-03 00:00:00-04:00,204.4596482635752,206.39941095201831,200.1922037418915,202.12200927734375,103419000,0.0,0.0
2025-04-04 00:00:00-04:00,192.87092693410324,198.82944937179326,186.35535024633944,187.389892578125,125910900,0.0,0.0
2025-04-07 00:00:00-04:00,176.26863687444822,193.12954493623218,173.70219548773406,180.50625610351562,160466300,0.0,0.0
2025-04-08 00:00:00-04:00,185.71869040589692,189.33955773730443,168.32062862424334,171.5137481689453,120859500,0.0,0.0
2025-04-09 00:00:00-04:00,171.04623198001363,199.55559936553783,170.98654976711688,197.8048553466797,184395900,0.0,0.0
2025-04-10 00:00:00-04:00,188.07624843340898,193.7562279640405,182.03814529024513,189.4191436767578,121880000,0.0,0.0
2025-04-11 00:00:00-04:00,185.12186726950821,198.49121408156802,185.0820690088969,197.1085205078125,87435900,0.0,0.0
2025-04-14 00:00:00-04:00,210.32868138530173,211.8207974391945,200.10271391024364,201.45556640625,101352900,0.0,0.0
2025-04-15 00:00:00-04:00,200.7990180691496,202.44033954558066,198.74984792281177,201.07754516601562,51343900,0.0,0.0
2025-04-16 00:00:00-04:00,197.31741584829123,199.64511311117855,191.35889396287376,193.24891662597656,59732400,0.0,0.0
2025-04-17 00:00:00-04:00,196.16351652823,197.78495412822454,193.39812938355274,195.94467163085938,52164700,0.0,0.0
2025-04-21 00:00:00-04:00,192.25416731460396,192.78138039340035,188.81234657174457,192.14474487304688,46742500,0.0,0.0
2025-04-22 00:00:00-04:00,195.0892017003565,200.53045296496776,194.93999616163734,198.690185546875,52976400,0.0,0.0
2025-04-23 00:00:00-04:00,204.9172632087338,206.9067512010516,201.7340854567431,203.52462768554688,52929200,0.0,0.0
2025-04-24 00:00:00-04:00,203.81310578126346,207.73239972806866,201.87335793866913,207.27481079101562,47311000,0.0,0.0
2025-04-25 00:00:00-04:00,205.28531450927932,208.6475540878433,205.1162098506388,208.18002319335938,38222300,0.0,0.0
2025-04-28 00:00:00-04:00,208.89624364686077,210.38835967290976,206.3696005213303,209.03550720214844,38743100,0.0,0.0
2025-04-29 00:00:00-04:00,207.59312493762445,211.12446912484504,207.27479957627347,210.09988403320312,36827600,0.0,0.0
2025-04-30 00:00:00-04:00,208.19992461631293,212.4574277707069,205.5837430092506,211.3831024169922,52286500,0.0,0.0
2025-05-01 00:00:00-04:00,207.98107159612528,213.43226431553572,207.8020097882055,212.19879150390625,57365700,0.0,0.0
2025-05-02 00:00:00-04:00,205.0067917796952,205.9020705063368,201.09745506032002,204.27069091796875,101010600,0.0,0.0
2025-05-05 00:00:00-04:00,202.03252954096354,203.0272736250085,197.1682315771274,197.8446502685547,69018500,0.0,0.0
2025-05-06 00:00:00-04:00,197.1682179665783,199.59538061408486,195.98447015970467,197.4666290283203,51216500,0.0,0.0
2025-05-07 00:00:00-04:00,198.12317194216024,198.3917570874617,192.23428894820486,195.21852111816406,68536700,0.0,0.0
2025-05-08 00:00:00-04:00,196.68078271707188,198.99853803284546,193.65675249053749,196.45199584960938,50478900,0.0,0.0
2025-05-09 00:00:00-04:00,197.95407268173315,199.4859718922483,196.5017396407649,197.48654174804688,36453900,0.0,0.0
2025-05-12 00:00:00-04:00,210.1363584051843,210.4351760021984,205.93303241640405,209.95706176757812,63775800,0.26,0.0
2025-05-13 00:00:00-04:00,209.59847136477597,212.55673652410627,208.17412935394688,212.08859252929688,51909300,0.0,0.0
2025-05-14 00:00:00-04:00,211.5905625216416,213.09460539099953,209.7478820292828,211.490966796875,49325800,0.0,0.0
2025-05-15 00:00:00-04:00,210.11643191755599,212.11849916658366,208.71199985896817,210.6144561767578,45029500,0.0,0.0
2025-05-16 00:00:00-04:00,211.52086084946143,211.73003772257164,208.94109887256835,210.42520141601562,54737900,0.0,0.0
2025-05-19 00:00:00-04:00,207.0884445111699,208.65223273202483,203.45285841572866,207.9550018310547,46140500,0.0,0.0
2025-05-20 00:00:00-04:00,206.84939942841044,207.64624130377067,204.2198318786679,206.0426025390625,42496600,0.0,0.0
2025-05-21 00:00:00-04:00,204.3592586621154,206.22186440009241,199.91689108628387,201.2914276123047,59211800,0.0,0.0
2025-05-22 00:00:00-04:00,199.91689038506837,201.94882252859867,198.91087172706415,200.56431579589844,46742400,0.0,0.0
2025-05-23 00:00:00-04:00,192.9047141233614,196.9187884239126,192.69555244631704,194.49839782714844,78432900,0.0,0.0
2025-05-27 00:00:00-04:00,197.51641281084125,199.94677348688452,196.64984031499387,199.4188690185547,56288500,0.0,0.0
2025-05-28 00:00:00-04:00,199.79734764673603,201.92889064401075,199.1100718095576,199.62802124023438,45339700,0.0,0.0
2025-05-29 00:00:00-04:00,202.775557811137,203.00464471322186,197.72558456215265,199.15989685058594,51396800,0.0,0.0
2025-05-30 00:00:00-04:00,198.5821728136608,201.1619498266407,196.00241099917397,200.05633544921875,70819900,0.0,0.0
2025-06-02 00:00:00-04:00,199.488582384924,201.33127809714276,199.32921098525782,200.90296936035156,35423300,0.0,0.0
2025-06-03 00:00:00-04:00,200.55435521702816,202.9647905668523,200.16589694161215,202.46676635742188,46381600,0.0,0.0
2025-06-04 00:00:00-04:00,202.10821066626008,205.42505409163678,201.30141378953226,202.01856994628906,43604000,0.0,0.0
2025-06-05 00:00:00-04:00,202.69587362440456,203.9409342732031,199.35910500622674,199.83721923828125,55126100,0.0,0.0
2025-06-06 00:00:00-04:00,202.19783403313102,204.8871617909174,201.2515910514923,203.11419677734375,46607700,0.0,0.0
2025-06-09 00:00:00-04:00,203.58234611432158,205.18598475848052,199.22961916524454,200.65396118164062,72862600,0.0,0.0
2025-06-10 00:00:00-04:00,199.8073282051838,203.54250994980842,199.77744796710627,201.869140625,54672600,0.0,0.0
2025-06-11 00:00:00-04:00,202.69585666840098,203.69190510411792,197.62597377823997,197.9945068359375,60989900,0.0,0.0
2025-06-12 00:00:00-04:00,198.29333609984755,198.890956077424,196.58013147350607,198.41285705566406,43904600,0.0,0.0
2025-06-13 00:00:00-04:00,198.94075911963023,199.57822954037988,194.92668495173118,195.67372131347656,51447300,0.0,0.0
2025-06-16 00:00:00-04:00,196.52037110088898,197.90487790098294,195.78328974313985,197.6359405517578,43020700,0.0,0.0
2025-06-17 00:00:00-04:00,196.42074594971083,197.60604600468164,194.43861931524052,194.86691284179688,38856200,0.0,0.0
2025-06-18 00:00:00-04:00,195.16572178414586,196.78928550519313,194.29916455806153,195.80319213867188,45394700,0.0,0.0
2025-06-20 00:00:00-04:00,197.45664606001856,200.90296511361447,196.08209436431653,200.2057342529297,96813500,0.0,0.0
2025-06-23 00:00:00-04:00,200.83325703321927,201.50060768152076,198.17380945321412,200.70376586914062,55814300,0.0,0.0
2025-06-24 00:00:00-04:00,201.78945874554142,202.63610603642124,199.4089034764897,199.50851440429688,54064000,0.0,0.0
2025-06-25 00:00:00-04:00,200.6539838527012,202.8652129211553,199.82726170562196,200.7635498046875,39525700,0.0,0.0
2025-06-26 00:00:00-04:00,200.63402778217431,201.83925306874522,198.67182635942322,200.2057342529297,50799100,0.0,0.0
2025-06-27 00:00:00-04:00,201.09221242791352,202.41695863400855,199.20968154525062,200.28541564941406,73188600,0.0,0.0
2025-06-30 00:00:00-04:00,201.211736268348,206.57048164253425,198.4726031076903,204.3592529296875,91912800,0.0,0.0
2025-07-01 00:00:00-04:00,205.85332972802502,209.35942450018746,205.3254252695324,206.99879455566406,78788900,0.0,0.0
2025-07-02 00:00:00-04:00,208.08449026524102,212.49697770796604,207.31752868499885,211.6005401611328,67941800,0.0,0.0
2025-07-03 00:00:00-04:00,211.31168447150716,213.80180573654258,210.97303162710094,212.70616149902344,34955800,0.0,0.0
2025-07-07 00:00:00-04:00,211.83958469799765,215.37555986284275,207.97492690746134,209.12037658691406,50229000,0.0,0.0
2025-07-08 00:00:00-04:00,209.26978591644843,210.59451698338924,207.6262968509882,209.1801300048828,42848900,0.0,0.0
2025-07-09 00:00:00-04:00,208.70202548866368,210.49491569520316,206.40115605631001,210.3056640625,48749400,0.0,0.0
2025-07-10 00:00:00-04:00,209.678147079363,212.6364120977978,209.2000480941239,211.57064819335938,44443600,0.0,0.0
2025-07-11 00:00:00-04:00,209.73792710960444,211.29176024279,209.03072603053,210.32559204101562,39765800,0.0,0.0
2025-07-14 00:00:00-04:00,209.10044482334126,210.07658325197187,206.71988962428105,207.79562377929688,38840100,0.0,0.0
2025-07-15 00:00:00-04:00,208.39325734338402,211.05270487364396,208.09443976951917,208.28369140625,42296300,0.0,0.0
2025-07-16 00:00:00-04:00,209.46900551017632,211.5606982702429,207.81556132948495,209.32955932617188,47490500,0.0,0.0
2025-07-17 00:00:00-04:00,209.7379236663323,210.96305897069354,208.761785269157,209.19009399414062,48068100,0.0,0.0
2025-07-18 00:00:00-04:00,210.0367321724359,210.95309492429405,208.87135730762196,210.3455047607422,48974600,0.0,0.0
2025-07-21 00:00:00-04:00,211.2618775331451,214.92732845073886,210.7937335563828,211.64036560058594,51377400,0.0,0.0
2025-07-22 00:00:00-04:00,212.29777975345726,214.1006251327807,211.39137195770533,213.55279541015625,46404100,0.0,0.0
2025-07-23 00:00:00-04:00,214.15043456376964,214.29983576430007,211.5706725113145,213.3037872314453,46989300,0.0,0.0
2025-07-24 00:00:00-04:00,213.05474462863134,214.8376797586153,212.68621158769832,212.91529846191406,46022600,0.0,0.0
2025-07-25 00:00:00-04:00,213.85160291428238,214.38947759784276,212.5567368669443,213.03485107421875,40268800,0.0,0.0
2025-07-28 00:00:00-04:00,213.18426788884761,214.00103498726418,212.21809958876685,213.20419311523438,37858000,0.0,0.0
2025-07-29 00:00:00-04:00,213.33363944545516,213.96115480223384,209.9869314052821,210.43515014648438,51411700,0.0,0.0
2025-07-30 00:00:00-04:00,211.06266703997414,211.5507362671114,206.89919168476044,208.22393798828125,45512500,0.0,0.0
2025-07-31 00:00:00-04:00,207.66614913739534,209.01080544085684,206.3414028602417,206.74978637695312,80698400,0.0,0.0
2025-08-01 00:00:00-04:00,210.03674932642843,212.7360475386617,200.7037794341265,201.58030700683594,104434500,0.0,0.0
2025-08-04 00:00:00-04:00,203.70186769022786,207.0585613783641,200.88304868853191,202.5464630126953,75109300,0.0,0.0
2025-08-05 00:00:00-04:00,202.59626309701343,204.5285996595603,201.36117265797924,202.1181640625,44155100,0.0,0.0
2025-08-06 00:00:00-04:00,204.81746371165528,214.5289368613384,204.77761325937152,212.4073486328125,108483100,0.0,0.0
2025-08-07 00:00:00-04:00,218.01508808955717,219.97730473834642,215.7241736307253,219.16053771972656,90224800,0.0,0.0
2025-08-08 00:00:00-04:00,219.95738825778145,230.08719950298993,218.38362983130105,228.4437255859375,113854000,0.0,0.0
2025-08-11 00:00:00-04:00,227.27701087414155,228.91238364576833,224.12592192869855,226.53909301757812,61806100,0.26,0.0
2025-08-12 00:00:00-04:00,227.36674823663387,230.14888579943394,226.429412881848,229.0021209716797,55626200,0.0,0.0
2025-08-13 00:00:00-04:00,230.4181341091737,234.33703985510917,229.77992501054072,232.6717529296875,69878500,0.0,0.0
2025-08-14 00:00:00-04:00,233.39969406647393,234.4567012802976,230.19875827485632,232.12330627441406,51916300,0.0,0.0
2025-08-15 00:00:00-04:00,233.33985018068216,233.6190590405621,228.69299310222902,230.9366455078125,56038700,0.0,0.0
2025-08-18 00:00:00-04:00,231.04634466466607,232.46233685580373,229.46083388892833,230.23863220214844,37476200,0.0,0.0
2025-08-19 00:00:00-04:00,230.62753117126795,232.2130419457167,228.70298322789472,229.90956115722656,39402600,0.0,0.0
2025-08-20 00:00:00-04:00,229.33119207499826,229.81981519856654,225.13307755654054,225.3723907470703,42263900,0.0,0.0
2025-08-21 00:00:00-04:00,225.63166356522294,225.88095827873425,223.14868274098328,224.26551818847656,30621200,0.0,0.0
2025-08-22 00:00:00-04:00,225.53193619713707,228.44369658121065,224.77408575714253,227.11744689941406,42477800,0.0,0.0
2025-08-25 00:00:00-04:00,225.84106025439092,228.6531118971015,225.59176554347297,226.51914978027344,30983100,0.0,0.0
2025-08-26 00:00:00-04:00,226.22996704217394,228.84258604761433,224.05612439304167,228.6630859375,54575100,0.0,0.0
2025-08-27 00:00:00-04:00,227.96506627689797,230.24859923631865,227.6160475796746,229.8397674560547,31259500,0.0,0.0
2025-08-28 00:00:00-04:00,230.16884905542523,232.75153884501827,228.69301327644948,231.9039306640625,38074700,0.0,0.0
2025-08-29 00:00:00-04:00,231.85405874294378,232.7216147258446,230.71727541448905,231.485107421875,39418400,0.0,0.0
2025-09-02 00:00:00-04:00,228.6032698757151,230.19876225122124,226.32970313085187,229.0719451904297,44075600,0.0,0.0
2025-09-03 00:00:00-04:00,236.5408165177042,238.17618932549604,233.69885053091846,237.79725646972656,66427800,0.0,0.0
2025-09-04 00:00:00-04:00,237.7772812570227,239.22318747047024,236.07211403385233,239.10353088378906,47549400,0.0,0.0
2025-09-05 00:00:00-04:00,239.3229322237051,240.63921565449175,237.8171975861315,239.01380920410156,54870400,0.0,0.0
2025-09-08 00:00:00-04:00,238.62491556233425,239.47250850410185,235.6732593017711,237.20892333984375,48999500,0.0,0.0
2025-09-09 00:00:00-04:00,236.33140663047269,238.10638391026913,232.70167593051625,233.6888885498047,66313900,0.0,0.0
2025-09-10 00:00:00-04:00,231.53496736029473,231.76431424305812,225.31256565050364,226.1501922607422,83440800,0.0,0.0
2025-09-11 00:00:00-04:00,226.23995033725743,229.7998710451417,226.010588238333,229.3810577392578,50208600,0.0,0.0
2025-09-12 00:00:00-04:00,228.57335925244223,233.84842918261825,228.373926506362,233.40968322753906,55824200,0.0,0.0
2025-09-15 00:00:00-04:00,236.33139853346725,237.5180438551372,234.36695488957946,236.03224182128906,42699500,0.0,0.0
2025-09-16 00:00:00-04:00,236.51088466190768,240.53949594661788,235.65332541334,237.4781494140625,63421100,0.0,0.0
2025-09-17 00:00:00-04:00,238.2958480596019,239.42266510979977,237.05934071942244,238.3157958984375,46508000,0.0,0.0
2025-09-18 00:00:00-04:00,239.29302360434258,240.51954939992544,235.98238232851827,237.20892333984375,44249600,0.0,0.0
2025-09-19 00:00:00-04:00,240.5494606794321,245.60516498271895,239.53234916144805,244.8074188232422,163741300,0.0,0.0
2025-09-22 00:00:00-04:00,247.5995237986898,255.9160073848096,247.42002368458668,255.35755920410156,105517400,0.0,0.0
2025-09-23 00:00:00-04:00,255.15815615601056,256.6140289111009,252.86464151383097,253.7122344970703,60275200,0.0,0.0
2025-09-24 00:00:00-04:00,254.49998437943248,255.01852163586054,250.33176892231356,251.5981903076172,42303700,0.0,0.0
2025-09-25 00:00:00-04:00,252.49566170312627,256.4444966190252,250.99989343760635,256.14532470703125,55202100,0.0,0.0
2025-09-26 00:00:00-04:00,253.38315498635407,256.87328100426123,253.06405044687503,254.73931884765625,46076300,0.0,0.0
2025-09-29 00:00:00-04:00,253.8418726304012,254.28063380560434,252.29624220529692,253.7122344970703,40127700,0.0,0.0
2025-09-30 00:00:00-04:00,254.1410137555297,255.1980209495745,252.39595068950493,253.9116668701172,37704300,0.0,0.0
2025-10-01 00:00:00-04:00,254.32049261064776,258.0599285933123,254.21080232618834,254.72933959960938,48713900,0.0,0.0
2025-10-02 00:00:00-04:00,255.85613542550084,257.45162766856953,253.43299812845933,256.40460205078125,42630200,0.0,0.0
2025-10-03 00:00:00-04:00,253.9515436206674,258.5086431914624,253.23357360959045,257.2920837402344,49155600,0.0,0.0
2025-10-06 00:00:00-04:00,257.2621558739689,258.33912604890287,254.3304629034206,255.96583557128906,44664100,0.0,0.0
2025-10-07 00:00:00-04:00,256.0855101139428,256.6738420114173,254.70939836699205,255.75645446777344,31955800,0.0,0.0
2025-10-08 00:00:00-04:00,255.79633660873378,257.7906945345413,255.38748958216482,257.3320007324219,36496900,0.0,0.0
2025-10-09 00:00:00-04:00,257.08267167133846,257.27213808351553,252.42584836214985,253.32330322265625,38322000,0.0,0.0
2025-10-10 00:00:00-04:00,254.22079760361632,255.65673769030235,243.31165772832736,244.5780792236328,61999100,0.0,0.0
2025-10-13 00:00:00-04:00,248.67648318296307,248.98560621270488,244.86725241658198,246.96133422851562,38142900,0.0,0.0
2025-10-14 00:00:00-04:00,245.90431694508948,248.14796941642882,244.00966795095763,247.07101440429688,35478000,0.0,0.0
2025-10-15 00:00:00-04:00,248.78616738422895,251.10959602979932,246.77186176083558,248.63658142089844,33893600,0.0,0.0
2025-10-16 00:00:00-04:00,247.54965348458146,248.33741809379524,244.43846029169785,246.7519073486328,39777000,0.0,0.0
2025-10-17 00:00:00-04:00,247.3203043073955,252.66518358811555,246.57242016484557,251.5782470703125,49147000,0.0,0.0
2025-10-20 00:00:00-04:00,255.168106265739,263.63416054313814,254.90884523128253,261.50018310546875,90483000,0.0,0.0
2025-10-21 00:00:00-04:00,261.141213133835,264.5415968076956,261.0913359303388,262.0286865234375,46695900,0.0,0.0
2025-10-22 00:00:00-04:00,261.9090191460537,262.1084670888602,254.70938662410154,257.72088623046875,45015300,0.0,0.0
2025-10-23 00:00:00-04:00,259.2066564378435,259.8847307097371,257.2821086816683,258.84765625,32754900,0.0,0.0
2025-10-24 00:00:00-04:00,260.4531458541269,263.3848541030092,258.44880663072195,262.07855224609375,38253700,0.0,0.0
2025-10-27 00:00:00-04:00,264.13273028939324,268.3607587413759,263.9033682058253,268.0516357421875,44888200,0.0,0.0
2025-10-28 00:00:00-04:00,268.23110734142335,269.12859257872884,267.39348082722177,268.2410888671875,41534800,0.0,0.0
2025-10-29 00:00:00-04:00,268.5203194424725,270.6443152614699,266.35642794866993,268.93914794921875,51086700,0.0,0.0
2025-10-30 00:00:00-04:00,271.2226702585742,273.36662916750566,267.72259312931254,270.63433837890625,69886500,0.0,0.0
2025-10-31 00:00:00-04:00,276.2085578376442,276.53764389728985,268.4006608909581,269.60723876953125,86167100,0.0,0.0
2025-11-03 00:00:00-05:00,269.6571458353552,270.08592548154905,265.4988962118729,268.2909851074219,50194600,0.0,0.0
2025-11-04 00:00:00-05:00,267.5730004152706,270.72408938596277,266.86501191822913,269.2781982421875,49274800,0.0,0.0
2025-11-05 00:00:00-05:00,267.8521863717013,270.93349568379296,266.17693326929896,269.3778991699219,43683100,0.0,0.0
2025-11-06 00:00:00-05:00,267.1342708755924,272.6287059365568,267.1342708755924,269.0089416503906,51204000,0.0,0.0
2025-11-07 00:00:00-05:00,269.03885049148494,271.5218466038475,266.0173996929098,267.7126159667969,48227400,0.0,0.0
2025-11-10 00:00:00-05:00,268.46119877683986,273.2223721938244,266.9639805623884,268.9303283691406,41312400,0.26,0.0
2025-11-11 00:00:00-05:00,269.3096487524697,275.3983427074405,269.2996575494418,274.73956298828125,46208300,0.0,0.0
2025-11-12 00:00:00-05:00,274.49005224267427,275.2187095291286,271.19618380015726,272.962890625,48398000,0.0,0.0
2025-11-13 00:00:00-05:00,273.6016390736082,276.1868626363035,271.58539619817094,272.4438171386719,49602800,0.0,0.0
2025-11-14 00:00:00-05:00,270.5473523374902,275.4482508823214,269.10005949599775,271.90484619140625,47431300,0.0,0.0
2025-11-17 00:00:00-05:00,268.3214829895084,269.98836893107386,265.237217022597,266.9639892578125,45018300,0.0,0.0
2025-11-18 00:00:00-05:00,269.48928956232544,270.20795552947055,264.8279672087311,266.94403076171875,45677300,0.0,0.0
2025-11-19 00:00:00-05:00,265.0376012369211,271.70520656667077,265.0076580872151,268.0619812011719,40424500,0.0,0.0
2025-11-20 00:00:00-05:00,270.327749378444,274.91922505965954,265.42688147061517,265.7562561035156,45823600,0.0,0.0
2025-11-21 00:00:00-05:00,265.4568071090486,272.8230952896135,265.17732758833057,270.98651123046875,59030800,0.0,0.0
2025-11-24 00:00:00-05:00,270.397645153795,276.48633959077114,270.397645153795,275.4083557128906,65585800,0.0,0.0
2025-11-25 00:00:00-05:00,274.75950033189645,279.8600396675645,274.7395483878858,276.45635986328125,46914200,0.0,0.0
2025-11-26 00:00:00-05:00,276.4464065684995,279.0116481613461,276.11703191175064,277.0353088378906,33431400,0.0,0.0
2025-11-28 00:00:00-05:00,276.7458380127342,278.4826014787427,275.4781737009374,278.3328857421875,20135600,0.0,0.0
2025-12-01 00:00:00-05:00,277.4944549964911,282.89442609469603,275.62792768573877,282.57501220703125,46587700,0.0,0.0
2025-12-02 00:00:00-05:00,282.47518456741903,286.86701880065203,282.10587559562896,285.6592712402344,53669500,0.0,0.0
2025-12-03 00:00:00-05:00,285.6692634925469,288.0847586222564,282.77461708045536,283.623046875,43538700,0.0,0.0
2025-12-04 00:00:00-05:00,283.5731318378766,284.20196835267484,278.07334059490756,280.179443359375,43989100,0.0,0.0
2025-12-05 00:00:00-05:00,280.01974631085085,280.6186397013617,277.53434330937836,278.26300048828125,47265800,0.0,0.0
2025-12-08 00:00:00-05:00,277.6142094762677,279.15136205700173,275.6378704438954,277.3746643066406,38211800,0.0,0.0
2025-12-09 00:00:00-05:00,277.6441787437343,279.5107061083118,276.4064879695729,276.6659851074219,32193300,0.0,0.0
2025-12-10 00:00:00-05:00,277.23491184461454,279.2312028389952,275.92734368017386,278.26300048828125,33038300,0.0,0.0
2025-12-11 00:00:00-05:00,278.5824273392719,279.07150890817053,273.3022288840155,277.514404296875,33248000,0.0,0.0
2025-12-12 00:00:00-05:00,277.38461586894516,278.70217518025987,276.30663218031253,277.763916015625,39532900,0.0,0.0
2025-12-15 00:00:00-05:00,279.63046152672615,279.63046152672615,272.33402020742307,273.6016540527344,50409100,0.0,0.0
2025-12-16 00:00:00-05:00,272.3140798989353,274.9891026980292,271.2859911871425,274.1007385253906,37648600,0.0,0.0
2025-12-17 00:00:00-05:00,274.50001118897205,275.6478724530811,271.13626563598973,271.33587646484375,50138700,0.0,0.0
2025-12-18 00:00:00-05:00,273.1025913325419,273.12257373871984,266.4549687260805,271.68524169921875,51630700,0.0,0.0
2025-12-19 00:00:00-05:00,271.6453053723066,274.09077415448866,269.399477884542,273.1625061035156,144632000,0.0,0.0
2025-12-22 00:00:00-05:00,272.3539780142796,273.37210596231955,270.00836035897595,270.4674987792969,36571800,0.0,0.0
2025-12-23 00:00:00-05:00,270.3377490962612,271.99467443806464,269.06012395403746,271.85491943359375,29642000,0.0,0.0
2025-12-24 00:00:00-05:00,271.8349404799371,274.9192064044749,271.69521595033444,273.3022155761719,17910600,0.0,0.0
2025-12-26 00:00:00-05:00,273.65160578690546,274.8593534534055,272.35399820928086,272.89300537109375,21521800,0.0,0.0
2025-12-29 00:00:00-05:00,272.1843267483383,273.8512128461511,271.8449608988494,273.2523498535156,23715200,0.0,0.0
2025-12-30 00:00:00-05:00,272.30405905646904,273.57169281796894,271.77504318392386,272.57354736328125,22139600,0.0,0.0
2025-12-31 00:00:00-05:00,272.553621806917,273.17246717497864,271.24605357156486,271.3558349609375,27293600,0.0,0.0
2026-01-02 00:00:00-05:00,271.7551282774649,277.32476727085935,268.5011639041959,270.5074462890625,37838100,0.0,0.0
2026-01-05 00:00:00-05:00,270.1381413175191,271.00652312062255,265.64648609237463,266.764404296875,45647200,0.0,0.0
2026-01-06 00:00:00-05:00,266.5048844877732,267.05385240251036,261.63392891626114,261.87347412109375,52352100,0.0,0.0
2026-01-07 00:00:00-05:00,262.7119324450406,263.1910228349833,259.3282042611396,259.84722900390625,48309800,0.0,0.0
2026-01-08 00:00:00-05:00,256.5433578451618,258.80916773471864,255.22581364132833,258.55963134765625,50419300,0.0,0.0
2026-01-09 00:00:00-05:00,258.5995368285105,259.7274461787287,255.74485516422806,258.8890075683594,39997000,0.0,0.0
2026-01-12 00:00:00-05:00,258.679389570116,260.81540508500296,256.32375036738995,259.7673645019531,45263800,0.0,0.0
2026-01-13 00:00:00-05:00,258.24022168851656,261.3244878277737,257.9108470550362,260.5658874511719,45730800,0.0,0.0
2026-01-14 00:00:00-05:00,259.0087756526009,261.33447181199796,256.23393227813756,259.4779052734375,40019400,0.0,0.0
2026-01-15 00:00:00-05:00,260.16664839115424,260.55593980217856,256.57331808587395,257.7311706542969,39388600,0.0,0.0
2026-01-16 00:00:00-05:00,257.4217218192236,258.41986733264514,254.4572284259222,255.05612182617188,72142800,0.0,0.0
2026-01-20 00:00:00-05:00,252.26132447540706,254.31750190322293,242.9685916985444,246.2425079345703,80267500,0.0,0.0
2026-01-21 00:00:00-05:00,248.23880604127606,251.09350304772093,244.72532928784554,247.1907501220703,54641700,0.0,0.0
2026-01-22 00:00:00-05:00,248.737864640942,250.53452965267718,247.68980878155546,247.8894500732422,39708300,0.0,0.0
2026-01-23 00:00:00-05:00,246.86136630134166,248.94748685874615,244.22624741136653,247.58001708984375,41689000,0.0,0.0
2026-01-26 00:00:00-05:00,251.01365072947274,256.08423219515316,249.33677343540953,254.93637084960938,55969200,0.0,0.0
2026-01-27 00:00:00-05:00,258.6894015269614,261.4642450011371,257.73115984508394,257.7910461425781,49648300,0.0,0.0
2026-01-28 00:00:00-05:00,257.1721946066941,258.3799421919039,254.03801819206552,255.96444702148438,41288000,0.0,0.0
2026-01-29 00:00:00-05:00,257.52154586161765,259.16847988830324,253.93820707645818,257.801025390625,67253000,0.0,0.0
2026-01-30 00:00:00-05:00,254.6968198516284,261.4143357105436,251.71235892004358,258.99884033203125,92443400,0.0,0.0
2026-02-02 00:00:00-05:00,259.5477742456141,269.98836769074944,258.72928762151224,269.50927734375,73913400,0.0,0.0
2026-02-03 00:00:00-05:00,268.70080609664296,271.3758289780004,267.11372779647115,268.98028564453125,64394700,0.0,0.0
2026-02-04 00:00:00-05:00,271.7850411492978,278.432693698261,271.7850411492978,275.97723388671875,90545700,0.0,0.0
2026-02-05 00:00:00-05:00,277.6142303156022,278.98168486317746,272.72332314901723,275.3983459472656,52977400,0.0,0.0
2026-02-06 00:00:00-05:00,276.6060720438839,280.3890519626743,276.4164219647768,277.6042175292969,50453400,0.0,0.0
2026-02-09 00:00:00-05:00,277.6541982366954,277.9439398399519,271.4499228389202,274.3672180175781,44623400,0.26,0.0
2026-02-10 00:00:00-05:00,274.6369782150198,275.11651686144285,272.68876099546605,273.4280700683594,34376900,0.0,0.0
2026-02-11 00:00:00-05:00,274.44714753122867,279.92208361183503,274.1973776592452,275.24639892578125,51931300,0.0,0.0
2026-02-12 00:00:00-05:00,275.3363333447182,275.46621856633783,259.94051360693726,261.4891052246094,81077200,0.0,0.0
2026-02-13 00:00:00-05:00,261.7688319830923,261.9886306947134,255.21485759663088,255.5445556640625,56290700,0.0,0.0
2026-02-17 00:00:00-05:00,257.8124646511843,266.0449008431299,255.30478047881587,263.6371154785156,58469100,0.0,0.0
2026-02-18 00:00:00-05:00,263.35737977838915,266.57441720150126,262.20844437502524,264.106689453125,34203300,0.0,0.0
2026-02-19 00:00:00-05:00,262.35827847824623,264.2365527856389,259.81060750150084,260.3401184082031,30845300,0.0,0.0
2026-02-20 00:00:00-05:00,258.73163460792017,264.5063132392292,257.9223826043077,264.3364562988281,42070500,0.0,0.0
2026-02-23 00:00:00-05:00,263.24744081710827,269.1819753311392,263.13755670993424,265.9349670410156,37308200,0.0,0.0
2026-02-24 00:00:00-05:00,267.61343657617186,274.6369951599546,267.46358073991865,271.8895263671875,47014600,0.0,0.0
2026-02-25 00:00:00-05:00,271.5298429675081,274.6869380517792,270.8005039088116,273.97760009765625,33714300,0.0,0.0
2026-02-26 00:00:00-05:00,274.6969199809464,275.8558253670768,270.55071567552415,272.6987609863281,32345100,0.0,0.0
2026-02-27 00:00:00-05:00,272.5588900215503,272.5588900215503,262.6480379442022,263.93682861328125,72366500,0.0,0.0
2026-03-02 00:00:00-05:00,262.16844722421786,266.2846497598317,259.960490133898,264.476318359375,41827900,0.0,0.0
2026-03-03 00:00:00-05:00,263.23749216234586,265.31556422164516,259.8905695547566,263.5072326660156,38568900,0.0,0.0
2026-03-04 00:00:00-05:00,264.4063951364299,265.9050144519466,261.179387723623,262.2783508300781,39803100,0.0,0.0
2026-03-05 00:00:00-05:00,260.54995479568396,261.3192350446657,257.01320478174756,260.0504150390625,49658600,0.0,0.0
2026-03-06 00:00:00-05:00,258.39192833924307,258.53178361058343,254.13584003818684,257.2229919433594,41120000,0.0,0.0
2026-03-09 00:00:00-04:00,255.45463216869055,260.9095975388004,253.44647267699952,259.6407775878906,38218500,0.0,0.0
2026-03-10 00:00:00-04:00,257.4128391437035,262.2384104290217,256.71350175461305,260.58990478515625,30590800,0.0,0.0
2026-03-11 00:00:00-04:00,260.8496568052655,261.888707997661,259.3110658747261,260.5699157714844,26218900,0.0,0.0
2026-03-12 00:00:00-04:00,258.4219063383753,258.71164792954545,253.94601921584928,255.52456665039062,40794000,0.0,0.0
2026-03-13 00:00:00-04:00,255.24483747003174,256.0940459350445,249.29033192864068,249.8897705078125,36930000,0.0,0.0
2026-03-16 00:00:00-04:00,251.87794235419486,253.6563027081548,249.6499992581203,252.58729553222656,32074200,0.0,0.0
2026-03-17 00:00:00-04:00,252.72716690012706,254.89516767044782,251.94787083452104,253.99598693847656,32361600,0.0,0.0
2026-03-18 00:00:00-04:00,252.3974721128864,254.70534343896443,248.7708084606242,249.70994567871094,35757900,0.0,0.0
2026-03-19 00:00:00-04:00,249.17043241392184,251.5982036354298,247.0723745163624,248.73085021972656,34864100,0.0,0.0
2026-03-20 00:00:00-04:00,247.7517334570195,248.97061168291066,245.77356028907465,247.76173400878906,88331100,0.0,0.0
2026-03-23 00:00:00-04:00,253.73622734962268,254.3656523266213,250.0496214753341,251.25851440429688,40546100,0.0,0.0
2026-03-24 00:00:00-04:00,250.1195650925759,254.5954370944537,249.32029842391177,251.4083709716797,45152300,0.0,0.0
2026-03-25 00:00:00-04:00,253.86611511385965,254.76528059453105,251.3684162845015,252.38746643066406,28476700,0.0,0.0
2026-03-26 00:00:00-04:00,251.88793104116345,256.76344411909713,250.53918279672283,252.6572265625,41796700,0.0,0.0
2026-03-27 00:00:00-04:00,253.666280215245,255.2548282141602,247.8416601166152,248.57098388671875,47900000,0.0,0.0
2026-03-30 00:00:00-04:00,249.83982057534305,250.63907198816298,245.28400520065438,246.40298461914062,39446200,0.0,0.0
2026-03-31 00:00:00-04:00,247.6818040942864,255.24482803058763,246.87255213324852,253.55638122558594,49598100,0.0,0.0
2026-04-01 00:00:00-04:00,253.8461228128272,255.94418062939917,253.096813183035,255.3946990966797,40059400,0.0,0.0
2026-04-02 00:00:00-04:00,253.96601496217014,255.89424639361263,250.4192795609811,255.68443298339844,31289400,0.0,0.0
2026-04-06 00:00:00-04:00,256.27389167390277,261.9186847371787,256.2239194053331,258.6217041015625,29329900,0.0,0.0
2026-04-07 00:00:00-04:00,255.92421782448065,255.96418954301222,245.47383916108728,253.26666259765625,62148000,0.0,0.0
2026-04-08 00:00:00-04:00,258.2121146377317,259.51090582044134,256.29386854025813,258.66168212890625,41032800,0.0,0.0
2026-04-09 00:00:00-04:00,258.7615948993736,260.879638597066,255.8342992320816,260.2502136230469,28121600,0.0,0.0
2026-04-10 00:00:00-04:00,259.7406946341393,261.94865175168746,258.78155637925676,260.240234375,31291500,0.0,0.0
2026-04-13 00:00:00-04:00,259.49093671136296,259.9405042051452,256.4237552437805,258.96142578125,36234700,0.0,0.0
2026-04-14 00:00:00-04:00,259.01136264890187,261.68888841493145,256.9532612999924,258.59173583984375,48370700,0.0,0.0
2026-04-15 00:00:00-04:00,257.92237663273806,266.3146386359468,257.57269269729437,266.18475341796875,49913500,0.0,0.0
2026-04-16 00:00:00-04:00,266.55439590858066,266.91408037974617,261.0294875448873,263.15753173828125,43323100,0.0,0.0
2026-04-17 00:00:00-04:00,266.7142527536172,272.0493335842862,266.47448343207725,269.98126220703125,61436200,0.0,0.0
2026-04-20 00:00:00-04:00,270.08114756253855,274.0275237795767,270.04120633500696,272.79864501953125,36590200,0.0,0.0
2026-04-21 00:00:00-04:00,271.250098918132,272.5488901425708,265.1557075406741,265.9250183105469,50209800,0.0,0.0
2026-04-22 00:00:00-04:00,267.5734973129919,273.48803128351057,266.62435952726383,272.9185791015625,43249200,0.0,0.0
2026-04-23 00:00:00-04:00,274.79681820267325,275.5161566987003,271.39995382845746,273.1783142089844,33399600,0.0,0.0
2026-04-24 00:00:00-04:00,272.50893317942314,272.80864483253174,269.4017800912603,270.81048583984375,38157100,0.0,0.0
2026-04-27 00:00:00-04:00,265.84505761361925,268.1129570778125,264.8260075108844,267.3636474609375,41466800,0.0,0.0
2026-04-28 00:00:00-04:00,272.0893199684016,272.97851539952296,268.4127145556596,270.4608154296875,40018900,0.0,0.0
2026-04-29 00:00:00-04:00,267.3037117460274,270.7905199823619,266.7942019267937,269.92132568359375,30047900,0.0,0.0
2026-04-30 00:00:00-04:00,270.25102650288807,275.7459641951834,267.893213328058,271.1002502441406,91848200,0.0,0.0
2026-05-01 00:00:00-04:00,278.6032901046287,286.95561044034525,278.1137509144006,279.88214111328125,79915400,0.0,0.0
2026-05-04 00:00:00-04:00,279.4025768563376,280.3716851917065,274.60697695873915,276.5751647949219,46668400,0.0,0.0
2026-05-05 00:00:00-04:00,276.6750995896243,284.30808218316156,276.2455026895375,283.9184265136719,49311700,0.0,0.0
2026-05-06 00:00:00-04:00,281.66051049385584,287.76487170009636,280.8112868075762,287.245361328125,58336100,0.0,0.0
2026-05-07 00:00:00-04:00,289.00371711581823,291.8611003514943,285.5169394038565,287.1754150390625,45224300,0.0,0.0
2026-05-08 00:00:00-04:00,289.7430674686918,294.4886952888782,289.7330669166447,293.0500183105469,52692800,0.0,0.0
2026-05-11 00:00:00-04:00,291.9800109863281,293.8800048828125,290.2300109863281,292.67999267578125,42247300,0.27,0.0
2026-05-12 00:00:00-04:00,292.55999755859375,295.2699890136719,292.55999755859375,294.79998779296875,45748100,0.0,0.0
2026-05-13 00:00:00-04:00,293.5,300.9200134277344,293.5,298.8699951171875,52684300,0.0,0.0
2026-05-14 00:00:00-04:00,299.82000732421875,300.45001220703125,295.3800048828125,298.2099914550781,35324900,0.0,0.0
2026-05-15 00:00:00-04:00,297.8999938964844,303.20001220703125,296.5199890136719,300.2300109863281,54862800,0.0,0.0
2026-05-18 00:00:00-04:00,300.239990234375,300.6600036621094,294.9100036621094,297.8399963378906,34483000,0.0,0.0
2026-05-19 00:00:00-04:00,296.9700012207031,300.510009765625,296.3500061035156,298.9700012207031,42243600,0.0,0.0
2026-05-20 00:00:00-04:00,298.17999267578125,302.79998779296875,298.0799865722656,302.25,38229800,0.0,0.0
2026-05-21 00:00:00-04:00,301.05999755859375,305.5400085449219,300.3999938964844,304.989990234375,42965100,0.0,0.0
2026-05-22 00:00:00-04:00,306.1199951171875,311.3999938964844,305.8399963378906,308.82000732421875,43670200,0.0,0.0
2026-05-26 00:00:00-04:00,309.55999755859375,311.82000732421875,307.6700134277344,308.3299865722656,48000500,0.0,0.0
2026-05-27 00:00:00-04:00,308.3299865722656,313.260009765625,308.29998779296875,310.8500061035156,50430900,0.0,0.0
2026-05-28 00:00:00-04:00,310.67999267578125,312.79998779296875,309.57000732421875,312.510009765625,48220400,0.0,0.0
2026-05-29 00:00:00-04:00,311.7799987792969,315.0,309.5299987792969,312.05999755859375,70026800,0.0,0.0
2026-06-01 00:00:00-04:00,309.6300048828125,310.94000244140625,305.0199890136719,306.30999755859375,48849900,0.0,0.0
2026-06-02 00:00:00-04:00,307.4599914550781,315.45001220703125,306.69000244140625,315.20001220703125,44534700,0.0,0.0
2026-06-03 00:00:00-04:00,314.17999267578125,316.94000244140625,308.8500061035156,310.260009765625,50836700,0.0,0.0
2026-06-04 00:00:00-04:00,313.2300109863281,313.5400085449219,309.6499938964844,311.2300109863281,44869100,0.0,0.0
2026-06-05 00:00:00-04:00,312.8599853515625,315.1700134277344,307.1499938964844,307.3399963378906,65310500,0.0,0.0
2026-06-08 00:00:00-04:00,308.739990234375,317.3999938964844,301.1700134277344,301.5400085449219,77949100,0.0,0.0
2026-06-09 00:00:00-04:00,300.2799987792969,300.75,287.7799987792969,290.54998779296875,70108800,0.0,0.0
2026-06-10 00:00:00-04:00,290.739990234375,294.75,287.3800048828125,291.5799865722656,52793300,0.0,0.0
2026-06-11 00:00:00-04:00,293.7200012207031,297.0,289.5899963378906,295.6300048828125,42572500,0.0,0.0
2026-06-12 00:00:00-04:00,296.0299987792969,297.1400146484375,289.6199951171875,291.1300048828125,38742100,0.0,0.0
2026-06-15 00:00:00-04:00,294.1199951171875,297.7799987792969,291.70001220703125,296.4200134277344,45732600,0.0,0.0
2026-06-16 00:00:00-04:00,295.25,300.4800109863281,293.9700012207031,299.239990234375,39874400,0.0,0.0
2026-06-17 00:00:00-04:00,300.8500061035156,302.07000732421875,294.3599853515625,295.95001220703125,42745100,0.0,0.0
2026-06-18 00:00:00-04:00,298.1099853515625,300.57000732421875,295.6199951171875,298.010009765625,85962200,0.0,0.0
2026-06-22 00:00:00-04:00,297.30999755859375,302.4200134277344,296.760009765625,297.010009765625,44879900,0.0,0.0
2026-06-23 00:00:00-04:00,297.5400085449219,301.6400146484375,294.17999267578125,294.29998779296875,52010900,0.0,0.0
2026-06-24 00:00:00-04:00,295.3599853515625,299.70001220703125,292.94000244140625,293.0799865722656,53081900,0.0,0.0
2026-06-25 00:00:00-04:00,287.3999938964844,288.79998779296875,273.75,275.1499938964844,107013700,0.0,0.0
2026-06-26 00:00:00-04:00,,,,,261244321,0.0,0.0
