date,headline,source
2026-08-03T07:56:09Z,"Google, Amazon, Microsoft and Meta have reportedly spent over $1 trillion on AI",TweakTown
2026-08-03T06:34:37Z,"Apple iPad Air M4 11"" Wi‑Fi 256GB (Space Grey) $1,247 Save $200 @ Harvey Norman",Ozbargain.com.au
2026-08-03T06:01:55Z,"Asian stocks are mixed as yen jumps against the dollar, while oil prices slip",Abcnews.com
2026-08-03T06:00:48Z,"Asian stocks mixed as yen jumps against dollar, while oil prices fall",BusinessLine
2026-08-03T05:55:32Z,Show HN: MPEdb a drop in replacement for SQLite3 with concurrency support,Github.com
2026-08-03T04:57:07Z,Ex-New York Giants Draft Bust Released Again,Heavy.com
2026-08-03T04:40:56Z,Apple struggles to keep MacBook Air in stock,Cult of Mac
2026-08-03T04:20:07Z,ASX 200 Slips as Iron Ore and Fortescue Slump to One-Year Lows Despite an Overnight Wall Street Rally,Ibtimes.com.au
2026-08-03T03:25:04Z,Morgan Stanley sends cautious Apple stock message after earnings,Biztoc.com
2026-08-03T03:20:36Z,TWiT 1095: Horses and Sailboats - Folding Phones Get Cute and Expensive in a Race With Apple,Twit.tv
2026-08-03T02:12:10Z,MacBook Air Experiencing 'Major' Shortage Despite $200 Price Increase,MacRumors
2026-08-03T02:06:11Z,The Emergence And Unlikely Return Of The World’s Dumbest Management Idea,Forbes
2026-08-03T00:08:31Z,Morgan Stanley sends cautious Apple stock message after earnings,Biztoc.com
2026-08-02T23:38:34Z,Rediscovering The 250-Year Triumphs Of Value Creation,Forbes
2026-08-02T21:33:59Z,The global memory shortage hits the MacBook Air,TechCrunch
2026-08-02T21:30:00Z,CXMT’s blockbuster IPO will test whether China’s memory makers are ready for the spotlight: ‘It does not yet mean China is broadly catching up’,Fortune
2026-08-02T21:30:00Z,CXMT’s blockbuster IPO will test whether China’s memory makers are ready for the spotlight: ‘It does not yet mean China is broadly catching up’,Yahoo Entertainment
2026-08-02T20:13:42Z,I'm 35 and just started earning a decent salary for the first time...how can I take $150k a year and turn it into a net worth of a million?,Dailymail.com
2026-08-02T18:40:18Z,The South Korean drama that has global investors fixated,ABC News (AU)
2026-08-02T18:33:00Z,Big Tech’s $2 trillion AI shakeout just changed everything,TheStreet
2026-08-02T17:38:13Z,Bank of America doubles down on Apple stock for rest of 2026,Biztoc.com
2026-08-02T17:07:00Z,Bank of America doubles down on Apple stock for rest of 2026,TheStreet
2026-08-02T15:23:31Z,MacBook Air reportedly facing major supply shortages due to AI-driven memory crisis,9to5Mac
2026-08-02T15:00:10Z,"This $50 ESP32 fridge magnet takes voice notes, but the best part is the app platform underneath",XDA Developers
2026-08-02T15:00:00Z,"Fights with Bob Dylan, Magic with U2: Daniel Lanois on His Life in Music",Rolling Stone
2026-08-02T14:22:17Z,Bank of America doubles down on Apple stock for rest of 2026,Biztoc.com
2026-08-02T14:00:00Z,Amazon's debt nearly doubled to $129 billion in 6 months as CEO Jassy defends $220 billion data center spending spree,Yahoo Entertainment
2026-08-02T13:06:06Z,"Apple Delivers Strong Free Cash Flow, But What is the Best AAPL Play?",Biztoc.com
2026-08-02T12:52:13Z,Is Apple Stock a Buy on the Dip as iPhone Sales Surge?,Biztoc.com
2026-08-02T12:35:00Z,Is Apple Stock a Buy on the Dip as iPhone Sales Surge?,Yahoo Entertainment
2026-08-02T12:32:24Z,3 brilliant quotes on the challenge of valuing companies,Yahoo Entertainment
2026-08-02T12:23:31Z,Apple faces supply squeezes and slower growth ahead of historic leadership shift,Livemint
2026-08-02T12:04:06Z,"Delta And JetBlue Are Running Out Of Juice — Cranberry Vanishes, Apple Moves To Carton",Viewfromthewing.com
2026-08-02T12:03:00Z,Vanguard's cheapest ETF may be the only one you need,TheStreet
2026-08-02T12:00:00Z,What Earnings Season Reveals About Travel Right Now,Skift
2026-08-02T11:00:00Z,Tim Cook’s lasting legacy: Keeping Apple’s eye on the ball,MarketWatch
2026-08-02T10:50:37Z,Prediction: Greg Abel Will Continue Holding This Berkshire Hathaway Stock That Warren Buffett Backed for Decades,Biztoc.com
2026-08-02T09:11:28Z,"Nvidia AI GPU demand outpaces supply 12-to-1, boosting revenue prospects",Crypto Briefing
2026-08-02T09:07:57Z,"Probe alleged ₦6.79bn police funds scandal, recover missing firearms’, SERAP tells Tinubu",Vanguard
2026-08-02T06:00:01Z,Netflix's stock flop: Is streaming passed its peak?,RTE
2026-08-02T04:01:00Z,"From iPads to XBoxes, Device Prices Soar as AI Hoards Memory Chips",Thedailyupside.com
2026-08-02T03:12:52Z,MkLinux and the pimped-out Apple Workgroup Server 9150,Blogspot.com
2026-08-02T00:00:00Z,A Mid-summer Night’s Update,Snook.ca
2026-08-01T20:27:16Z,"America In Focus: US economy expands at sluggish pace, mortgage rate hit the highest level in a year",Associated Press
2026-08-01T20:15:00Z,Apple's Stock Drops Nearly 10%. How Will It Respond to Memory Shortage?,Slashdot.org
2026-08-01T20:07:00Z,Apple CEO sends strong warning on AI and price of Apple products,TheStreet
2026-08-01T19:45:09Z,"Steam Deck LCD battery returns to iFixit, but costs $50 more now",TweakTown
2026-08-01T19:30:27Z,Apple's Services Slowdown Has a Weird Culprit: No F1 Movie This Year,Yahoo Entertainment
2026-08-01T19:27:54Z,The Momentum Crash: Is It Over?,Realinvestmentadvice.com
2026-08-01T19:06:56Z,Giants coach calls out Willy Adames for lack of defensive buy-in,New York Post
2026-08-01T17:45:24Z,Apple stock sinks 7% after Tim Cook warns of ‘100-year flood’ in memory prices,Biztoc.com
2026-08-01T16:29:57Z,"These 3 ETFs Can Turn $500,000 Into $40,000 a Year Without Touching Principal",24/7 Wall St.
2026-08-01T15:00:02Z,"Why Investors Shouldn’t Sweat the Dip in Qualcomm’s Handset Revenue, According to Experts",Barchart.com
2026-08-01T14:30:35Z,What went wrong at IBM,Dailyreckoning.com
2026-08-01T14:14:30Z,"Apple Just Did Something It Hasn't Done in Over a Year, and the Stock Can Keep Climbing Higher From Here",Biztoc.com
2026-08-01T14:14:24Z,Apple Downgraded To Hold Amid iPhone 18 Pro Price Warning,Forbes
2026-08-01T13:05:11Z,Why CME wants phone traders slinging leveraged Nvidia contracts at 3 AM after earnings drop,CryptoSlate
2026-08-01T12:57:36Z,Apple’s Safe Haven Illusion Faces an Impending Hangover,Biztoc.com
2026-08-01T12:50:55Z,Apple’s Safe Haven Illusion Faces an Impending Hangover,24/7 Wall St.
2026-08-01T12:42:13Z,"Stocks finish wild month with Amazon rising, Apple sinking and Seoul’s best day ever resulting in a 22% loss",Fortune
2026-08-01T12:12:14Z,5 new Netflix movies to watch in August,How-To Geek
2026-08-01T12:00:38Z,Apple iPhone 18 Pro Models Could See a $300 US Price Hike: Analyst,iPhone in Canada
2026-08-01T11:46:00Z,"This weekend’s best Apple discounts: M5 MacBook Air $240 of, M5 Pro $500 off, AirPods Pro 3, AirTag 2, much more",9to5Toys
2026-08-01T08:29:18Z,"AI bubble gone bust? Once a billionaire, how AI investor Leopold Aschenbrenner lost most of his hedge fund’s fortune in days",The Times of India
2026-08-01T07:25:29Z,"Xiaomi Ecosystem: It just works, too",Yugatech.com
2026-08-01T07:15:46Z,"Apple MacBook Pro (Early 2026): 16.2"", M5 Max (18C CPU/40C GPU), 64GB RAM, 2TB SSD $4799.99 (0 replies)",Slickdeals.net
2026-08-01T07:15:00Z,"I've started grading iPhone 17 Pro Max footage like cinema camera footage, and ProRes RAW is why",TechRadar
2026-08-01T05:00:00Z,Apple’s $5tn moment shows investors are questioning the AI race,The Irish Times
2026-08-01T03:49:17Z,Apple set to lose nearly $500 billion in value after weak forecast,The Times of India
2026-08-01T03:10:48Z,Why Apple Stock Dropped on Friday,Biztoc.com
2026-08-01T02:53:11Z,"Stock Market Gains Even As Apple Crumbles; Jobs Report, AMD Earnings Loom - Investor's Business Daily",Slashdot.org
2026-08-01T02:40:13Z,Jim Cramer Reveals Why Intel Corporation (NASDAQ:INTC) Is About More Than Just Selling Computer Chips,Yahoo Entertainment
2026-08-01T02:33:02Z,"Markets News, July 31: Dow Logs Slim July Gains as Nasdaq, S&P 500 Slip; Amazon Stock Soars, Apple Sinks Friday - Investopedia",Slashdot.org
2026-08-01T02:28:53Z,Why I Love the Stock Market,Awealthofcommonsense.com
2026-07-31T23:07:53Z,"Apple vs. HP: The $5 Trillion Giant, or the Stock That Pays 15x the Dividend",Biztoc.com
2026-07-31T23:00:02Z,"Apple vs. HP: The $5 Trillion Giant, or the Stock That Pays 15x the Dividend.",Barchart.com
2026-07-31T22:21:00Z,July ends on a hopeful note for stocks after momentum trade sees biggest wipeout since 2000,MarketWatch
2026-07-31T22:12:15Z,Apple stock plunges: $300 support hangs by a thread after guidance miss (AAPL:NASDAQ) - Seeking Alpha,Slashdot.org
2026-07-31T21:58:51Z,Apple earnings decline while Amazon shares surge as AI trade reshapes Big Tech investing,Crypto Briefing
2026-07-31T21:33:28Z,"Stock Market Today: Dow Slips; Bond Selloff Picks Up; Apple, Roblox in Focus — Live Updates - WSJ",Slashdot.org
2026-07-31T21:33:00Z,Weekly Wrap: Crypto Stays Rangebound Amid Market Volatility,Cryptoprowl.com
2026-07-31T21:21:55Z,This Analyst Just Downgraded Apple Stock. Here's Why,Biztoc.com
2026-07-31T21:13:19Z,Apple Shares Sink as Weak Guidance Triggers Analyst Downgrade - Yahoo Finance,Slashdot.org
2026-07-31T21:11:06Z,This Analyst Just Downgraded Apple Stock. Here's Why.,Barchart.com
2026-07-31T21:11:05Z,"Show HN: Penca – branchable, versioned OLTP+OLAP on one open copy of your data",Github.com
2026-07-31T21:10:00Z,S&P 500 ends with its first July decline since 2014. Here are the stocks that led the selloff.,MarketWatch
2026-07-31T20:58:24Z,Apple stock drops 7% as chip squeeze clouds record quarter,Advfn.com
2026-07-31T20:51:14Z,"Markets News, July 31: Dow Logs Slim July Gains as Nasdaq, S&P 500 Slip; Amazon Stock Soars, Apple Sinks Friday",Biztoc.com
2026-07-31T20:38:23Z,Stocks Finish Higher as Amazon Leads Megacaps Higher,Barchart.com
2026-07-31T20:36:35Z,"Futures higher after chip rally; Apple, Amazon report - what’s moving markets",Biztoc.com
2026-07-31T20:36:00Z,"Amazon Jumps, Apple Falls to End Up-and-Down Month",Newser
2026-07-31T20:30:44Z,"Chuck Schumer, Other Senators Reportedly Warn Apple CEO Tim Cook Against Buying Chinese Memory Chips: 'Would Be a Mistake'",Yahoo Entertainment
2026-07-31T20:29:26Z,How Apple Changed Under Tim Cook: 15 Years in Numbers,MacRumors
2026-07-31T20:12:11Z,"#737: She’s Researched Money for 30 Years—and Never Seen It This Bad for Young People, with Beth Kobliner",Affordanything.com
2026-07-31T20:02:33Z,US stocks: US market ends higher as Amazon soothes AI jitters,The Times of India
2026-07-31T20:00:00Z,Apple loses some $400 billion in a single trading day,Macdailynews.com
2026-07-31T19:41:18Z,5 ETFs to Buy Once and Hold Forever: A Complete Portfolio for the Next 30 Years,24/7 Wall St.
